"","baseMean","log2FoldChange","lfcSE","stat","pvalue","padj","threshold"
"g5823",872.705244008689,-2.04878913400205,0.195210625176279,-10.4952746918973,9.08131873488794e-26,1.57333847081934e-21,TRUE
"g8064",367.065636469268,-3.23490012513139,0.314606367697997,-10.2823733314791,8.46178179589903e-25,5.54200118934559e-21,TRUE
"g5273",104.499717799637,-2.99101039892639,0.291230811580091,-10.270240235566,9.59653885600967e-25,5.54200118934559e-21,TRUE
"g11825",259.690649939161,-3.85185494474298,0.37854938498887,-10.1753036657456,2.55601489361444e-24,1.10707395079675e-20,TRUE
"g11369",117.511227488397,-3.47936497604024,0.359392686383765,-9.68123478262692,3.62313281500763e-22,1.25541552040014e-18,TRUE
"g4305",537.649018781539,-1.86314897073065,0.198937847822889,-9.36548269281259,7.57034621454674e-21,2.18593746945037e-17,TRUE
"g2622",113.784339659496,-1.66233883418268,0.182627956278094,-9.10232402563486,8.84191895840688e-20,2.1883749422057e-16,TRUE
"g1707",154.3282953233,-2.7083719722451,0.30562895291583,-8.86163416916519,7.88499780747924e-19,1.70759483768222e-15,TRUE
"g4967",177.98297458032,-3.37780713781262,0.386463977540561,-8.74028974009123,2.32513334131082e-18,4.47588168202334e-15,TRUE
"g123",331.324687392031,-2.80109636712197,0.329924721683029,-8.49010753978324,2.06445975324801e-17,3.57667652250218e-14,TRUE
"g8459",74.4799918381421,-2.09647445728572,0.248981498986915,-8.42020176525604,3.75836480310564e-17,5.42613918448377e-14,TRUE
"g8173",149.38972381968,-3.1736443331514,0.386905051484622,-8.20264382947077,2.35157130689067e-16,3.13392099168314e-13,TRUE
"g4166",831.726055233906,-2.12416028925205,0.26090258524125,-8.14158390683593,3.90140022391992e-16,4.65919928860161e-13,TRUE
"g12056",160.871809924954,-2.77439868776155,0.341268426725537,-8.12966706115136,4.30471116329952e-16,4.66119505651026e-13,TRUE
"g20498",111.837085253717,-3.07215086275718,0.389439121755962,-7.88865496847108,3.05460750615333e-15,3.1130044143592e-12,TRUE
"g2926",112.464293321088,-2.47180861565183,0.31410144766728,-7.86945948198926,3.56176742867159e-15,3.42820115009641e-12,TRUE
"g4715",423.208239527423,-2.12569809106428,0.271221894949296,-7.83748705635165,4.5965231293422e-15,4.19130332715019e-12,TRUE
"g3224",759.866519828039,-2.49693122935877,0.319104101148109,-7.82481710631428,5.08395479265758e-15,4.40397583913963e-12,TRUE
"g15993",38.5910057578777,-2.29656793303132,0.296459155082845,-7.74665883531089,9.43419837253718e-15,7.78321365734317e-12,TRUE
"g482",136.743127358753,-2.76148575685201,0.358762756301971,-7.6972475775263,1.39028366586161e-14,1.02620619554699e-11,TRUE
"g23784",180.152253387921,-2.69249269790226,0.349817024727176,-7.69686009422254,1.39450435711722e-14,1.02620619554699e-11,TRUE
"g829",534.322780154909,-1.17619030330895,0.152863138455006,-7.69440111721343,1.42158434015167e-14,1.02620619554699e-11,TRUE
"g562",3949.04874522934,-1.44145810283251,0.187952478581299,-7.66926892219194,1.72979428977356e-14,1.19874744281308e-11,TRUE
"g4614",5171.82873267304,-1.4291037174241,0.189622520947278,-7.53657165976318,4.82487882952317e-14,3.2150394508265e-11,TRUE
"g13235",46.7623478916127,-2.81050059096274,0.377830061376483,-7.43853091181715,1.01811153605679e-13,6.53288235636438e-11,TRUE
"g1077",281.232790640312,-2.57979176783809,0.349743735482141,-7.37623438567587,1.62829254074701e-13,1.00750600958721e-10,TRUE
"g1871",486.218462694667,0.639972813886343,0.0870340664752401,7.35313009956171,1.93618314992837e-13,1.15670251974169e-10,TRUE
"g1156",3294.41947621404,-1.49729661917571,0.204435410109391,-7.32405711111656,2.4058421989102e-13,1.38937386987064e-10,TRUE
"g13057",79.228346002859,-3.16791492461911,0.433809395355492,-7.30255028714422,2.82363721600452e-13,1.57804886346059e-10,TRUE
"g3043",615.162251771954,-2.18324347149692,0.302796346614922,-7.21027018953248,5.58409641854845e-13,3.02326470160474e-10,TRUE
"g13788",258.277661767863,-5.77623973166672,0.804784858202103,-7.17737128475665,7.10645086702897e-13,3.73088670519021e-10,TRUE
"g8242",131.106086050695,-1.2391190160175,0.173696992755297,-7.13379659809745,9.76375845109001e-13,4.90215743957961e-10,TRUE
"g3892",5365.5127503482,-1.35405503401049,0.189860454050336,-7.13184344145466,9.90334836278709e-13,4.90215743957961e-10,TRUE
"g3958",73.4492882566247,-3.48544231827304,0.489816354938273,-7.11581449482689,1.11253848991094e-12,5.35409148269638e-10,TRUE
"g4981",325.183158683346,-2.61493762660661,0.368821927208877,-7.08997332776712,1.34137850385824e-12,6.28091421063352e-10,TRUE
"g9792",1892.80680245642,-3.56698394881836,0.503686529770828,-7.08175370590376,1.42341478517252e-12,6.48964767187208e-10,TRUE
"g3740",569.303835507107,-1.04395511714276,0.148433227327047,-7.03316323401491,2.01902922857011e-12,8.96914907307109e-10,TRUE
"g5675",748.913383956656,-0.677062505875063,0.0971540967866771,-6.96895476638211,3.19304334726378e-12,1.38298689978363e-09,TRUE
"g5301",69.5279426764676,-2.95444327226067,0.425357486471577,-6.94578881582254,3.76351413352469e-12,1.5903142039833e-09,TRUE
"g1423",4784.78023713109,0.800651284017577,0.115408334846683,6.93755165154426,3.9895348111641e-12,1.64568310960519e-09,TRUE
"g5480",253.983981879542,-3.39621552292907,0.489788834315043,-6.9340403149014,4.0898801652376e-12,1.64784125262189e-09,TRUE
"g869",1065.27046651952,-1.48468982376458,0.214937277147909,-6.90754923234137,4.93097857876697e-12,1.94157281538949e-09,TRUE
"g5108",2477.24372723875,-2.01824969765335,0.293431014981758,-6.87810624851235,6.06534282292046e-12,2.33515698682438e-09,TRUE
"g6897",79231.6135165416,1.06230290684506,0.159290854860179,6.66895100649386,2.57638234907706e-11,9.57312108272067e-09,TRUE
"g2759",505.542228636775,-1.13264841875133,0.169868924067905,-6.66777884752217,2.59703717684197e-11,9.57312108272067e-09,TRUE
"g26067",75.3215694213904,-3.75319492968163,0.563719902176654,-6.65790743805508,2.77753597565542e-11,1.00251689121313e-08,TRUE
"g15701",57.3612299973282,-1.62106800428688,0.2436967114111,-6.65198965919669,2.89157023544311e-11,1.02237661896024e-08,TRUE
"g7529",220.481437165488,-5.79446968881222,0.876835146775312,-6.60839122396293,3.88518848182264e-11,1.34621780895155e-08,TRUE
"g8125",170.848432411268,-1.26154222955439,0.192459864684467,-6.55483277836992,5.57042620176282e-11,1.89230654795178e-08,TRUE
"g9996",119.148624865223,-3.96214576066574,0.60673905400354,-6.53023030991941,6.56686329673873e-11,2.14662087954714e-08,TRUE
"g6169",289.535959391229,-0.784657066280044,0.120263207959344,-6.52449805384621,6.82296361487286e-11,2.18903415977171e-08,TRUE
"g1172",136.527854155569,-2.89538879213102,0.445239134096969,-6.50299708717975,7.87353211282042e-11,2.48016261553843e-08,TRUE
"g13743",3479.31566689805,-5.76540569101166,0.889595907214731,-6.48092650185721,9.11610744124514e-11,2.82029573963522e-08,TRUE
"g7216",20138.1998311838,-3.88012945313116,0.59925429247819,-6.47492976159596,9.48560555662023e-11,2.88312484681483e-08,TRUE
"g32",4389.02750405298,-0.79209399361466,0.12369178574354,-6.40377199547406,1.51584433594504e-10,4.52793157245651e-08,TRUE
"g8422",440.17813503983,-4.58872734913589,0.719617512054919,-6.37661990191492,1.81039025161683e-10,5.31610357784095e-08,TRUE
"g13531",800.336242059916,-3.08290551328276,0.48379547949108,-6.37233220228879,1.86175067174017e-10,5.37580506464975e-08,TRUE
"g10913",356.53692053963,-4.33812956655843,0.684449462534317,-6.33812984598688,2.3257079461338e-10,6.53751369392468e-08,TRUE
"g643",4114.95271360427,-0.606092282629692,0.0956401531071104,-6.33721572936954,2.3395431401058e-10,6.53751369392468e-08,TRUE
"g4815",1206.09043309076,-0.765539977839819,0.121236773428812,-6.31442058534601,2.71175529120768e-10,7.45732705082111e-08,TRUE
"g25125",86.8618240946472,-2.44850788042888,0.388976993418438,-6.29473702007595,3.07921442282788e-10,8.33552966804579e-08,TRUE
"g868",5550.95631350139,-1.20910133198152,0.193173354514036,-6.25915170869837,3.87077182969307e-10,1.03170956845281e-07,TRUE
"g329",422.472645988994,-1.04408667187031,0.167208851262067,-6.24420695429523,4.25955706083927e-10,1.11586846621086e-07,TRUE
"g11760",575.624731884434,-4.36439415920693,0.69917867214119,-6.2421728995841,4.31533548260475e-10,1.11586846621086e-07,TRUE
"g6663",557.229925041815,-3.4444455104007,0.553300291825304,-6.22527325810308,4.80717414869758e-10,1.22476900185567e-07,TRUE
"g9809",3587.93456186949,-1.67290880583315,0.26948477016443,-6.20780463702049,5.37298855509644e-10,1.3490873437253e-07,TRUE
"g11032",122.993301515285,-0.786051936358455,0.127019984878813,-6.1884115094834,6.07735077749759e-10,1.50414431743065e-07,TRUE
"g31646",56.3908061462753,1.13007376892266,0.183306182571744,6.16495173849555,7.05046405130902e-10,1.72041253082998e-07,TRUE
"g295",499.040143949083,-0.636482395174635,0.103484773077273,-6.15049321989979,7.72423607920989e-10,1.85864430655988e-07,TRUE
"g16911",83.3069349054664,-2.4776933693651,0.40355658609147,-6.13964300115153,8.27071410463968e-10,1.96287838168332e-07,TRUE
"g5483",526.710322078342,-2.0417044218505,0.334755036700923,-6.09909993281026,1.06667371543619e-09,2.4973137999908e-07,TRUE
"g9196",23458.133102988,1.48303991888872,0.243372393154003,6.09370643756735,1.10325899875908e-09,2.54852828713346e-07,TRUE
"g8464",2593.98788172273,-5.83885271435247,0.972800513547088,-6.00210694077707,1.94773341071545e-09,4.32621555649298e-07,TRUE
"g5495",798.640954386461,0.64070152780174,0.106797848388945,5.9991988365569,1.98293427631761e-09,4.34865016926615e-07,TRUE
"g6498",72.1713076025302,-0.946071416247444,0.158276300662476,-5.9773409682157,2.2680916072917e-09,4.91183588704109e-07,TRUE
"g13941",297.219539251906,-6.46147033243404,1.08144403097446,-5.97485412778301,2.30296155914718e-09,4.92577889039813e-07,TRUE
"g1818",520.104996816751,-0.626785776454316,0.105281173623977,-5.95344594744877,2.62554596713172e-09,5.51340171381406e-07,TRUE
"g4484",897.370427981347,-0.580861075874459,0.0975832876915166,-5.95246470595145,2.64134108078826e-09,5.51340171381406e-07,TRUE
"g9011",247.574110108642,1.27175487887466,0.214173671690959,5.93796085594375,2.88588920845661e-09,5.95214649244177e-07,TRUE
"g9305",4473.83612525289,-4.45068013026593,0.750475860289813,-5.93047740209419,3.02055154239733e-09,6.15659476141574e-07,TRUE
"g14156",154.223302305264,-2.07924105626023,0.351128995049464,-5.92158746664406,3.18848644367283e-09,6.42331716705022e-07,TRUE
"g10119",149.722851808774,-3.54259509029705,0.59944059630485,-5.90983512317113,3.42450318010883e-09,6.8194847810788e-07,TRUE
"g8960",340.816395524409,-1.91564096764645,0.324639474662361,-5.90082573796302,3.61686770298536e-09,7.12070829025243e-07,TRUE
"g4234",199.036760012368,-1.19482882780219,0.202821890984595,-5.8910249874997,3.83807508106511e-09,7.47130907634303e-07,TRUE
"g35662",203.715660234716,0.750691530184157,0.128670206895285,5.83422960371151,5.40396648101574e-09,1.04026354759553e-06,TRUE
"g68084",41.7173358949716,3.69058942263184,0.635731007218967,5.80526886485605,6.42627986494461e-09,1.22346482044138e-06,TRUE
"g3884",65.6711139850464,-1.63348595659972,0.281849951067821,-5.79558715696444,6.80825585218568e-09,1.28209818085997e-06,TRUE
"g7404",84.5955620999737,-1.38354181629152,0.239855780946015,-5.76822376694316,8.01113904402754e-09,1.49239767675029e-06,TRUE
"g6509",1109.18237064487,-0.851163003104024,0.148135501024898,-5.74584078235887,9.14653430425474e-09,1.669219914127e-06,TRUE
"g2226",240.401318980744,-5.72202145347615,0.995875261966735,-5.74572104760975,9.15300963013361e-09,1.669219914127e-06,TRUE
"g658",566.559535619793,-1.37700199510673,0.242259866825313,-5.6839872536529,1.31590089133574e-08,2.37478988983247e-06,TRUE
"g4947",1036.91054205153,-2.48000523787829,0.437646720973344,-5.66668300944347,1.45588320930047e-08,2.54779561627583e-06,TRUE
"g8777",848.096211114034,-3.51984501853494,0.621848237164248,-5.66029588599646,1.51112224392332e-08,2.61801928759716e-06,TRUE
"g24224",63205.903536973,0.924516969325539,0.163502452560808,5.65445321978704,1.56343170799152e-08,2.65553473930912e-06,TRUE
"g352",465.042975667583,-0.714923198651956,0.126922507592582,-5.63275349827501,1.77354871942786e-08,2.96160698314948e-06,TRUE
"g10896",14.0806573907976,-2.5133995570789,0.446244375946556,-5.63233889894427,1.77781891051974e-08,2.96160698314948e-06,TRUE
"g5511",1266.87000257381,-3.91315992410202,0.696493565272948,-5.61837196955078,1.92765154906748e-08,3.18062505596135e-06,TRUE
"g10980",294.450726354664,1.01106572507741,0.180396790081305,5.60467691593475,2.0864378177472e-08,3.41014482947832e-06,TRUE
"g789",223.617179071093,-0.886163877689176,0.158233085772178,-5.60037032308819,2.1389436623782e-08,3.46328962156097e-06,TRUE
"g2745",417.756127594223,-1.36845087689835,0.24491141780866,-5.58753401185842,2.30316660237245e-08,3.69466309130581e-06,TRUE
"g508",1426.78594747268,-0.628475685392062,0.112517928112147,-5.58556041634236,2.32947784754067e-08,3.7025874962057e-06,TRUE
"g15134",2434.09662009537,0.761470557367605,0.136394821146864,5.58284068973326,2.36621476407294e-08,3.72678825341488e-06,TRUE
"g13103",19.6582048887548,-2.70377449705727,0.486523575744805,-5.55733500256003,2.73924715519077e-08,4.27544657330451e-06,TRUE
"g3978",414.345715178202,-0.798430227116746,0.144872967581474,-5.51124368090081,3.56307021446991e-08,5.48650777752772e-06,TRUE
"g15365",164.653460055168,-6.72785360355733,1.22098339759923,-5.5101925356119,3.58441407275378e-08,5.48650777752772e-06,TRUE
"g768",2178.47138933806,-0.685236598349762,0.124386464835934,-5.50893217564781,3.61016961984508e-08,5.48650777752772e-06,TRUE
"g6329",5320.82937440151,-0.586387394434816,0.106531502039593,-5.50435676967067,3.70518547057736e-08,5.58194245893503e-06,TRUE
"g11915",32.3964876423054,-1.30915474281829,0.238738769345845,-5.48362859708726,4.16689120718945e-08,6.22339570384114e-06,TRUE
"g22293",65.098265669184,-3.20920884205,0.586236069433653,-5.47426030123041,4.39342872567706e-08,6.50565407456026e-06,TRUE
"g6983",6185.25974408166,-1.39204768606135,0.255887630732938,-5.4400741531512,5.32583987798516e-08,7.758942845061e-06,TRUE
"g1",1949.59314381112,-1.00929580785892,0.185533820200698,-5.43995594316514,5.32937488347624e-08,7.758942845061e-06,TRUE
"g37213",21.4199813851879,-3.14838873048393,0.582241538590721,-5.40735849610525,6.39610392672109e-08,9.23437504420358e-06,TRUE
"g7366",13.28675948702,-2.13087189549126,0.396464502277977,-5.37468520699295,7.67165921471474e-08,1.09844211483416e-05,TRUE
"g5151",74095.7628208856,-4.41275136752706,0.822195584080409,-5.36703365107773,8.00421274164728e-08,1.13666381761508e-05,TRUE
"g1078",200.868107718736,-1.15563055440576,0.216554812596595,-5.33643441375972,9.47921378639842e-08,1.31381903079482e-05,TRUE
"g13731",8437.98492964863,-5.15427579801052,0.968950629763312,-5.31944109399007,1.04086506198625e-07,1.41992025188282e-05,TRUE
"g7372",1103.05619707178,-0.650175425964138,0.122365278007065,-5.31339802069176,1.0759966277408e-07,1.45637824809448e-05,TRUE
"g9272",59.5754749898867,-1.40733198728528,0.265003822454133,-5.31061014234562,1.09258828988305e-07,1.46737148234293e-05,TRUE
"g7727",391.472581204129,0.776616577856011,0.146618293895709,5.29686001126452,1.17810942008413e-07,1.54970646881884e-05,TRUE
"g2748",84.4715631700408,-1.34986659196152,0.254862312916976,-5.29645429530906,1.18072873814768e-07,1.54970646881884e-05,TRUE
"g6443",74.6663178311845,1.11634238748563,0.210975673383018,5.29133226397603,1.21428528284531e-07,1.56996212875336e-05,TRUE
"g164",107778.160256575,0.645431620464826,0.122314290472192,5.27682920755336,1.31438281494541e-07,1.67654150220255e-05,TRUE
"g5389",928.169564988746,-2.74231007762287,0.519712200664509,-5.27659361107268,1.31607298296997e-07,1.67654150220255e-05,TRUE
"g11844",130.693181991032,-5.08026867044147,0.967879230687459,-5.24886629381755,1.5303809607801e-07,1.93531752886973e-05,TRUE
"g41038",12.8762731770632,-3.22602077160742,0.617982013304478,-5.22025026967567,1.78681501336953e-07,2.19550142600192e-05,TRUE
"g19862",549.731127180586,3.28902935416772,0.633075805293367,5.19531677986586,2.04371530955232e-07,2.49347660126718e-05,TRUE
"g5161",156.202900264981,1.33157632660496,0.257584479619204,5.16947421899593,2.34753515468924e-07,2.8243782329855e-05,TRUE
"g2940",488.235786260596,-0.842446273664446,0.163116211835857,-5.16469984303089,2.40825058007261e-07,2.86408314476783e-05,TRUE
"g6037",87.717641154598,-1.11715779973138,0.217536690496974,-5.1354913839094,2.81407773143994e-07,3.31659161205421e-05,TRUE
"g10981",185.306359683308,1.09691555221728,0.213733862183836,5.13215613571708,2.86441722601349e-07,3.35311002977593e-05,TRUE
"g48923",1001.29551253948,0.754936250860726,0.147324513159986,5.12430847160452,2.98631732614517e-07,3.47234548157484e-05,TRUE
"g1091",9081.27330939722,0.641089698781654,0.125266207380013,5.11781838207024,3.09090017664602e-07,3.56998970402615e-05,TRUE
"g9742",1491.19545618675,-1.17107000264578,0.229776415097806,-5.09656311831353,3.45875277681024e-07,3.9422955169893e-05,TRUE
"g1382",69.2004636136068,-0.955931711106462,0.187857091774861,-5.0886112527075,3.60695155061547e-07,4.06446832073121e-05,TRUE
"g12257",12.2093911421007,-2.74950690901526,0.54035856702689,-5.08830076321976,3.61286072953886e-07,4.06446832073121e-05,TRUE
"g3428",25.9275668641684,-2.82882556762936,0.557510160459199,-5.07403410423833,3.8946920661076e-07,4.35326064808479e-05,TRUE
"g5767",459.270409882431,-4.14541827952533,0.819427271409494,-5.05892154699075,4.21634279613431e-07,4.65274770337751e-05,TRUE
"g23003",19.6929953196978,-3.10075140031658,0.614073182301443,-5.04948186907542,4.43009979163438e-07,4.85768853734592e-05,TRUE
"g41100",1509.11383089749,0.803192165220322,0.160812879130146,4.99457611582402,5.89651327743681e-07,6.42497437305615e-05,TRUE
"g6531",240.116065804672,0.849164123974731,0.170058607834736,4.99336161095681,5.93373080206127e-07,6.42511788410697e-05,TRUE
"g19974",329.413859469156,3.24073323211375,0.649737323143628,4.98775907844434,6.10836753696876e-07,6.5731346321729e-05,TRUE
"g11859",114.62694379811,-1.08524150421392,0.217825245472572,-4.98216587273661,6.2876499949048e-07,6.72429235566207e-05,TRUE
"g17024",590.579009029831,-1.27332529069963,0.256062305113546,-4.97271666024797,6.60211203492818e-07,7.01727552178716e-05,TRUE
"g18334",54.022233247122,-6.87138849148908,1.38344552494032,-4.96686596444447,6.80435825166991e-07,7.18480210350113e-05,TRUE
"g9642",906.620292218366,-1.38772426676733,0.279457651276836,-4.96577660488752,6.84266867000108e-07,7.18480210350113e-05,TRUE
"g1379",191.638972877066,-0.78851286188735,0.159569648627565,-4.9414965105785,7.75252042417744e-07,7.99478668743299e-05,TRUE
"g22644",9994.89128521516,0.646222183980952,0.130821689579841,4.93971745859893,7.82358502428697e-07,8.02033198495691e-05,TRUE
"g30386",622.78870316679,3.12839966679862,0.635897923149492,4.91965699668304,8.66960054279712e-07,8.8353429061153e-05,TRUE
"g6792",198.973333883096,0.805368463740306,0.163827391236339,4.91595732351299,8.83496442168327e-07,8.95121395354753e-05,TRUE
"g7085",63.6856429068223,-0.952167859812811,0.194055366186906,-4.90668142047523,9.26303075472314e-07,9.33034929218479e-05,TRUE
"g7620",680.315994692136,-2.59133017859543,0.528385569579536,-4.90424100843157,9.37892777651843e-07,9.39248114035733e-05,TRUE
"g14145",231.09660586039,-6.18873999916155,1.26248958928646,-4.90201269909826,9.48597025432947e-07,9.44508245150909e-05,TRUE
"g9745",47.7504439651052,-1.45856437978968,0.297673237938425,-4.89988414776943,9.58931831697086e-07,9.49342513380115e-05,TRUE
"g18790",79.5314400601453,-0.933999376406798,0.190922246309137,-4.89204057915014,9.97958619086038e-07,9.82365515662819e-05,TRUE
"g12963",93.9764060246282,-1.52580701239477,0.313502031464347,-4.86697647625385,1.13318511066899e-06,0.000109688045376098,TRUE
"g7018",40.2965643981007,1.40007394209457,0.287683117354704,4.86672264597414,1.13464085525917e-06,0.000109688045376098,TRUE
"g12996",107.345375957628,-1.51763609867658,0.31189489141748,-4.86585750660848,1.13961605585556e-06,0.000109688045376098,TRUE
"g9578",390.417219213197,0.645488567106892,0.133143633494855,4.84806182739362,1.24673548240517e-06,0.000119335316202595,TRUE
"g4857",915.335085730404,-1.17423755820378,0.242718263337542,-4.83786239262432,1.31242949809302e-06,0.000124933192606932,TRUE
"g10481",30.6310385028769,-3.0256414295689,0.627270433324163,-4.82350397664175,1.41057953497289e-06,0.000133542570728991,TRUE
"g10859",306.74461110168,-0.898851691623452,0.188457324434995,-4.7695237864501,1.8466193850651e-06,0.000172933409979745,TRUE
"g8621",129.699096979925,-1.62412349667463,0.340729472508271,-4.76660702321606,1.87354229453474e-06,0.000174511399208679,TRUE
"g3245",201.56673937092,-1.03045073450933,0.21628685299073,-4.76427818085409,1.89530883214065e-06,0.00017559478886009,TRUE
"g8723",41.4022598530928,0.911465734169466,0.1914859654088,4.7599610353876,1.93630337147227e-06,0.00017792825945176,TRUE
"g8183",843.277518898143,-1.16824449087526,0.245769759632834,-4.75341023493107,2.00013928925789e-06,0.000182381122033647,TRUE
"g26345",168.911637808194,0.836889652096411,0.176151015129999,4.75097830959867,2.02434848583612e-06,0.00018362218595346,TRUE
"g17686",117.07366151355,-4.08610802494848,0.860971320861265,-4.74592814643463,2.07552386939685e-06,0.000186313217809847,TRUE
"g32616",3229.47601034079,0.742918057041266,0.157047260674083,4.73053814407519,2.23925445734522e-06,0.000199008807211099,TRUE
"g683",172.724075171879,-1.02237687425095,0.216125522648139,-4.73047727877759,2.23992596860977e-06,0.000199008807211099,TRUE
"g1495",900.354060244448,-0.881327503803135,0.186385604051314,-4.72851703482688,2.26165653542835e-06,0.000199914283042327,TRUE
"g14890",279.871372836934,0.821200374832296,0.174005858943019,4.71938347260602,2.3656050870489e-06,0.000208041158036154,TRUE
"g1494",1559.58457863212,0.74555010656185,0.158079500315388,4.71629847687009,2.40174024077256e-06,0.000209096229504445,TRUE
"g3208",548.201007331442,-0.624185330456487,0.133272054082591,-4.6835425082416,2.8195894716631e-06,0.000242761495265434,TRUE
"g33911",248.196852171332,0.631920572345138,0.134980234735838,4.6815785554221,2.84674267940591e-06,0.000242954763156194,TRUE
"g30014",89.9955018488003,-1.37764857957535,0.294583092244877,-4.67660438037007,2.91664171143004e-06,0.000245440123436152,TRUE
"g8508",254.341499982381,-0.691808425544847,0.148065511359529,-4.67231308082959,2.97826516896262e-06,0.000249267845663176,TRUE
"g1516",867.038461209609,-0.65492019613303,0.140295349181357,-4.66815329199851,3.03919113852371e-06,0.000251753572467466,TRUE
"g25777",28.5150519734246,1.12620245328225,0.241278832992141,4.66763884471761,3.04680850258741e-06,0.000251753572467466,TRUE
"g6227",139.883297372205,-0.645804340502624,0.138367312238779,-4.6673186755855,3.05155845415111e-06,0.000251753572467466,TRUE
"g14166",1539.52144564468,0.715553925046779,0.154015285953392,4.64599290010291,3.38444642861728e-06,0.000276582709319784,TRUE
"g16627",531.89337020613,-0.962751575149094,0.208462613472047,-4.61834167342524,3.86818954614312e-06,0.000310261036513563,TRUE
"g2861",249.371214234402,-1.0179030319211,0.221012009505774,-4.60564579362599,4.11187779865491e-06,0.000328287017795836,TRUE
"g8154",21.687500896625,-4.14803204001067,0.901763496734946,-4.59991123507397,4.22671007656914e-06,0.000332853418529819,TRUE
"g3980",338.94566095953,-1.73385576557166,0.378595784291958,-4.57970172281312,4.65639504029471e-06,0.000363387585914892,TRUE
"g9315",119.087396695862,-3.56519761334991,0.779888094928476,-4.57142202392111,4.84425551329007e-06,0.000376353034832962,TRUE
"g18140",14.6514728105854,-4.20323427377235,0.920595579511225,-4.56577716352276,4.97647190775368e-06,0.000384898999115324,TRUE
"g6910",476.520657491399,-0.981257138301638,0.215151221110691,-4.56077884771475,5.09642344198523e-06,0.000390688212975195,TRUE
"g3685",284.717439127463,-0.695609491094371,0.152552212119292,-4.55981254831244,5.1199302479873e-06,0.00039076119623956,TRUE
"g3989",92.1081972607462,-3.75869780014738,0.824518345189926,-4.55865878797587,5.14813334598137e-06,0.000391190395697926,TRUE
"g23282",2084.8228564623,-0.659129141711851,0.144730634209534,-4.55417849380523,5.25906885411696e-06,0.000396145077815549,TRUE
"g6591",32803.590442586,-4.43114886485526,0.977030151625523,-4.53532458285242,5.75149642820036e-06,0.000429502912149014,TRUE
"g10866",34.9694532790841,1.26324512467543,0.27889729625243,4.52942764827691,5.91436825393403e-06,0.000439770085834365,TRUE
"g4674",6059.06288904025,-0.719834921224608,0.159095846617426,-4.52453622472986,6.05280856795157e-06,0.00044808020609277,TRUE
"g4107",18440.7089771749,0.796111724759706,0.175988303380706,4.52366270636476,6.07785560933917e-06,0.00044808020609277,TRUE
"g3013",13244.0950511422,-0.609522782318155,0.134841431218182,-4.52029303465273,6.17540919276271e-06,0.000451856080293544,TRUE
"g16866",1878.68073900249,-1.23027856224833,0.272192059309087,-4.51989145227522,6.18713462055199e-06,0.000451856080293544,TRUE
"g7743",9431.68584471056,1.38367798289735,0.307312542788347,4.50251060481549,6.71554028042017e-06,0.000482766536756346,TRUE
"g3603",131.416338910913,-1.02802873639145,0.228456334926785,-4.49989157324487,6.79881322555473e-06,0.000486733219556759,TRUE
"g4859",273.871878963036,-0.661372846565609,0.147446478775653,-4.48551129913331,7.2739291444143e-06,0.00051605070081596,TRUE
"g5065",178.71017336944,-0.647736896027211,0.14441826254002,-4.48514533158655,7.28642533249374e-06,0.00051605070081596,TRUE
"g7641",16.940449613218,-2.43226309221648,0.542594373198701,-4.48265446963227,7.37202434971041e-06,0.000517784535632449,TRUE
"g523",1533.00342418075,0.650295465102215,0.145120317566105,4.48107801863094,7.42669542522184e-06,0.000517784535632449,TRUE
"g8656",75.845948021845,0.732286127826209,0.163433165233861,4.48064581493213,7.44175176753131e-06,0.000517784535632449,TRUE
"g13589",14076.2882386515,-4.6656578104035,1.04284715913504,-4.47396127949689,7.67836523073333e-06,0.00053211071048982,TRUE
"g10510",935.585989625935,-1.39496265872135,0.312581420979096,-4.4627177595902,8.09266178301323e-06,0.000558587113110375,TRUE
"g25613",32.8296299402253,-1.41447492105972,0.317036870110312,-4.46154707674081,8.13700654684421e-06,0.00055941920009554,TRUE
"g31919",87.126261301315,-0.924216449387222,0.207354187589325,-4.45718728969041,8.30420468077384e-06,0.000568657494444296,TRUE
"g11905",128.335579069086,0.999820255963929,0.224366041090618,4.45620135339518,8.34246809875648e-06,0.000569028581932898,TRUE
"g7219",365.942609632887,-4.08002739498333,0.917989362563525,-4.4445257879565,8.80859424440697e-06,0.000596128497204495,TRUE
"g12288",11.6994534116228,-4.49943583055254,1.01285278508621,-4.44233939700283,8.89860494465168e-06,0.000599876773019807,TRUE
"g11508",23.9470559677556,-1.83302579686635,0.41358488113753,-4.43204256360816,9.33445848797273e-06,0.000624399588046824,TRUE
"g1838",389.794274484777,-0.753952951637461,0.170460415185938,-4.42303833893077,9.7322462893446e-06,0.000646019796792702,TRUE
"g9189",58.9412443769432,-2.26166513800252,0.512475441373409,-4.4132166254472,1.018459981691e-05,0.000673466381022771,TRUE
"g4247",90.8673257654058,-0.734746204940167,0.16692662562978,-4.40161179900522,1.07449677873773e-05,0.000707819646069627,TRUE
"g9363",637.146092769075,-0.863780847002783,0.196568943744701,-4.39428950752588,1.11135628053736e-05,0.000726575379634331,TRUE
"g859",268.833090276263,-1.16802061856038,0.265946803771757,-4.39193328137462,1.12347178186434e-05,0.000731060074451367,TRUE
"g9192",362.101359826596,0.786460756003878,0.179574452550048,4.37958041823733,1.18908035289004e-05,0.000765581665341833,TRUE
"g29392",1337.35626247398,1.04661320749078,0.239015962782522,4.37884229700206,1.19311428364961e-05,0.000765581665341833,TRUE
"g6255",69.0124451236389,-1.80802485166676,0.413816109951984,-4.36915047090977,1.24730804250497e-05,0.000797402650789617,TRUE
"g11083",31.4754231254913,-3.54317383994224,0.811765914019405,-4.36477287201978,1.27254909651706e-05,0.000810548275630814,TRUE
"g1649",170.572737781174,0.585237427168538,0.134141356261706,4.36284113623212,1.28384172429328e-05,0.000814745709647658,TRUE
"g8463",8301.91149279117,1.81154935672586,0.415806233210155,4.35671524868718,1.32028849926794e-05,0.000829207205759426,TRUE
"g6579",125.513738685652,0.784362297727757,0.180040038888626,4.3565992463097,1.32098810268168e-05,0.000829207205759426,TRUE
"g2333",167.714375099634,-0.840119807366574,0.193707229180432,-4.33705964883753,1.44401446853911e-05,0.000885910355543058,TRUE
"g8418",81.3786151649429,1.20138263986417,0.277240966119274,4.33335180107298,1.46856151543104e-05,0.000895874234325448,TRUE
"g4480",93.024525281645,-0.76924554860601,0.177901169704936,-4.32400500728505,1.53221815849135e-05,0.000928170615239952,TRUE
"g8779",101.326984347975,1.05652102127317,0.244537779090948,4.32048178895183,1.55688905160576e-05,0.000939829366518113,TRUE
"g16054",1025.96512878808,1.30378593503049,0.301941664940341,4.31800604692334,1.5744511796987e-05,0.000944949378368585,TRUE
"g4911",1011.87377262545,-0.591597624629319,0.137181908406272,-4.31250469906912,1.61415450690696e-05,0.000964318166626313,TRUE
"g23023",43.5227470059088,1.12438589959281,0.261369394514772,4.30190344848987,1.69337102265701e-05,0.00100471414272372,TRUE
"g13430",760.674027298592,-0.72425912631651,0.168590613526166,-4.29596352470775,1.73936183072105e-05,0.00102498107881776,TRUE
"g9425",60.038015732223,-5.41719672484244,1.26868792225484,-4.26992062414722,1.95542546450954e-05,0.00113683711988684,TRUE
"g2286",95.8869892736404,-1.59507632271155,0.373928927493375,-4.26572058333146,1.99258032717948e-05,0.00115071513894615,TRUE
"g8104",29.1029972775496,-3.24214559831928,0.760782434211504,-4.26159366005805,2.02974253910942e-05,0.00116828204285949,TRUE
"g24100",369.937377459949,-5.81993232872981,1.37254846629269,-4.24023812029726,2.23282796100216e-05,0.00128091868954843,TRUE
"g13144",13.2313634988704,-4.07054374805027,0.960441997046886,-4.23819841340357,2.25320599213292e-05,0.00128834303015521,TRUE
"g4176",202.040954876166,-1.06181970703097,0.250704283511754,-4.2353472870805,2.28198746504475e-05,0.00130050765894409,TRUE
"g21313",11.1045907861604,-5.45016040608132,1.28729069123168,-4.23382258817283,2.29752219109547e-05,0.00130506793313866,TRUE
"g26785",1096.31939456019,1.09642544887029,0.259046784270691,4.23253835000158,2.31068496271111e-05,0.00130825545682908,TRUE
"g18558",32.4873471000037,0.945557798782384,0.223499922801853,4.2306851247581,2.32980611323664e-05,0.00131478472025488,TRUE
"g5839",137.276306763916,-8.00211549556658,1.89561303693306,-4.22138661196028,2.4280408356609e-05,0.00136135299280987,TRUE
"g64178",10.9018114207621,-2.40118189974104,0.570055826113757,-4.21218728016627,2.52909716330999e-05,0.00140437847289569,TRUE
"g10527",94.874781301938,-0.691249535895474,0.164542180915272,-4.20104761010443,2.65682706443831e-05,0.00147059197736082,TRUE
"g20954",45.0029301796678,0.883615333075905,0.210565516046661,4.19639145889443,2.71201340424682e-05,0.00149160737233575,TRUE
"g5814",348.922903380608,-0.753390058187311,0.179661338505807,-4.19338998836949,2.74816382524041e-05,0.00150670690735095,TRUE
"g14020",360.453531114356,0.618677684376125,0.147611678884078,4.19125159373048,2.77419814977505e-05,0.00151618242728242,TRUE
"g61973",351.094837624411,0.667763963651799,0.159685975302999,4.18173206748269,2.89296765383367e-05,0.00156627076883339,TRUE
"g6914",441.785572858771,0.594405777434703,0.142201032589979,4.18003840484484,2.9145986831916e-05,0.00157306611172257,TRUE
"g17805",95.2722053838787,0.977601530788147,0.233940924036806,4.17883931515266,2.93000601034932e-05,0.0015764706251336,TRUE
"g1142",231.255959227168,-0.777749128165286,0.186282189377097,-4.17511266517737,2.97838613678611e-05,0.00159753993250214,TRUE
"g7635",215.11385276685,-1.12899716304282,0.271351792460471,-4.16064015205385,3.17356791239623e-05,0.00169175581791583,TRUE
"g1816",327.350673374039,-0.834940200165856,0.201197867699766,-4.14984616741457,3.32698790624029e-05,0.00176810016796359,TRUE
"g415",12747.1597331107,0.845104270901535,0.203833103223205,4.14605997523432,3.38245263290964e-05,0.00179207926193148,TRUE
"g16980",9.07101339747122,-2.29467498264221,0.553667626705678,-4.14449910372315,3.40557288277829e-05,0.00179882774982115,TRUE
"g9641",543.349880969777,0.586521800830483,0.141795178230334,4.13640159101692,3.52794549861373e-05,0.00185217138677221,TRUE
"g14210",24.569312379188,-1.04363413474644,0.252352692134627,-4.13561720272703,3.54001880034418e-05,0.00185289503673604,TRUE
"g12493",968.21305061309,0.785535933785916,0.190434727047883,4.12496158638335,3.70796638824993e-05,0.00192843731883439,TRUE
"g39579",10.0257776303965,1.68084843002102,0.407530409850033,4.12447363287455,3.7158355492161e-05,0.00192843731883439,TRUE
"g15320",17.2311611787188,-1.51193248822177,0.366671710044734,-4.12339552467059,3.73327830680684e-05,0.00192843731883439,TRUE
"g9605",746.878250047818,-3.20618730034736,0.777730182136685,-4.12249308820559,3.74793860135277e-05,0.00192843731883439,TRUE
"g11987",53.9951470645045,-4.10212538172911,0.995106693598874,-4.12229704424305,3.75113059998378e-05,0.00192843731883439,TRUE
"g3537",70.9039042129749,-0.591702865232585,0.143686149314549,-4.11802298311485,3.82136593008153e-05,0.00195295471205494,TRUE
"g14616",11041.2040675542,0.708242312857555,0.172358841729026,4.10911506339209,3.97178157610886e-05,0.00202385634723782,TRUE
"g24156",1083.09913761321,0.660107974102062,0.160810794000658,4.10487354536263,4.04536105220296e-05,0.00205530440555473,TRUE
"g5191",871.408144061089,0.782609294803136,0.190824107639988,4.10120767486894,4.10999486406456e-05,0.00207596679358363,TRUE
"g958",119.124562800484,-0.608261834965513,0.14857931462764,-4.0938527445082,4.24263817826195e-05,0.00212438457914417,TRUE
"g4222",55.2037172517799,-0.926872933211071,0.226496062211164,-4.09222537541046,4.27253093309664e-05,0.00212705742574423,TRUE
"g4729",222.370921289591,-0.6264283032374,0.153400967420586,-4.08360073453707,4.43431937333988e-05,0.0022012774539574,TRUE
"g6357",250.794463576131,-1.04798559158959,0.256900956157577,-4.07933706150468,4.51643126035525e-05,0.00222926414773945,TRUE
"g13004",101.861941477908,-3.6700255335413,0.901572973553393,-4.0706916036719,4.68737694710437e-05,0.00230053273678706,TRUE
"g8120",339.376751678122,-0.895350508103713,0.220547411938261,-4.05967361047227,4.91413588593981e-05,0.00240501141875444,TRUE
"g30814",98.868043772031,0.624541217757453,0.154673757320087,4.03779689960597,5.39555348587322e-05,0.00262578550962791,TRUE
"g51172",23.1110609220151,1.23789895175597,0.307091924775106,4.03103713216335,5.55312688187114e-05,0.00269489981031982,TRUE
"g17637",26351.4588836771,-1.51654748454418,0.376989841341542,-4.02278077082249,5.75150272976216e-05,0.00278337387690306,TRUE
"g15285",840.246762589585,-1.16252338005688,0.289967230587261,-4.00915433686233,6.09365813378057e-05,0.0029325729768819,TRUE
"g2598",571.310158444883,0.76788649673945,0.191606255151135,4.0076274969925,6.13317536694092e-05,0.00294341449396818,TRUE
"g12825",23.2090780060694,0.925639707799605,0.231384892678103,4.00043277279702,6.32267477112427e-05,0.00299497330770416,TRUE
"g11970",29.9553263831929,-2.44151945768198,0.610365809286608,-4.00009210957542,6.33178341169254e-05,0.00299497330770416,TRUE
"g24232",52.9739920840914,0.685371262113642,0.171358939585664,3.99962361911686,6.34433018139928e-05,0.00299497330770416,TRUE
"g2732",413.163686963993,-0.716165485032257,0.179095688127381,-3.99878686371773,6.36679812988404e-05,0.00299741243478916,TRUE
"g16058",125.03717960539,-4.65255416194614,1.1662685873117,-3.98926474790037,6.62784151115427e-05,0.00311185241682243,TRUE
"g1286",1143.56706642026,-0.658965993553468,0.165544965063151,-3.98058614046093,6.87455470231726e-05,0.00320165753273243,TRUE
"g5791",1887.71648358568,-3.37118169616794,0.85003157055345,-3.96594881055181,7.3104552015014e-05,0.00339553984895474,TRUE
"g1776",109.697994715946,-1.31210925287847,0.330937443437729,-3.96482561552563,7.34496227519678e-05,0.0034024457598338,TRUE
"g9345",164.057015870916,1.6548517816356,0.419645522644773,3.94345153787431,8.03172276506567e-05,0.00366183149749376,TRUE
"g12341",196.581609168185,-0.916437808278048,0.232446046412551,-3.94258290223414,8.06087730495065e-05,0.00366547767213307,TRUE
"g29802",13.9260171010119,-2.73855253676008,0.696482557501335,-3.93197576488458,8.42505609588968e-05,0.00379246740182059,TRUE
"g5611",65.8981361724545,0.9910936327183,0.252610453077225,3.92340705083695,8.73054578226545e-05,0.00390844200717698,TRUE
"g18224",42.9195844996248,1.33705632651586,0.341366304915437,3.91677885972687,8.97399976829228e-05,0.00399677496107105,TRUE
"g13481",84.8112347807181,0.918303127336086,0.234657917243223,3.91336946191448,9.10171127808422e-05,0.00403291938344781,TRUE
"g21821",49.1703630472997,-1.64999538115269,0.422000251305401,-3.90993933308961,9.23193043835743e-05,0.00408018354195261,TRUE
"g1567",1216.95074310758,-0.759758472567631,0.194598332604066,-3.90423937554209,9.45221904595666e-05,0.00415633743581724,TRUE
"g19520",10.2061520160784,1.67569306967674,0.429307512063201,3.90324656007895,9.49109281275766e-05,0.00416286539192472,TRUE
"g15368",20.0683637192747,-1.29229955130278,0.331935520750761,-3.89322464911227,9.89204688995821e-05,0.00429523088642922,TRUE
"g36370",9.52352693513671,4.57369301805163,1.17643769396167,3.8877477672869,0.00010117868700831,0.0043773815050787,TRUE
"g4885",24.3856689729116,1.27921801396384,0.329168856523597,3.88620608727648,0.00010182307339375,0.0043773815050787,TRUE
"g13424",123.600664548712,-0.783621118121469,0.201735379469725,-3.88440104150927,0.00010258246316062,0.00439911181746965,TRUE
"g47554",481.367464938271,0.615744737707516,0.158702040567289,3.87987914652201,0.000104508378220732,0.00447063617944243,TRUE
"g2976",74.8225754446403,0.719472971798116,0.18579897851822,3.87231930732903,0.000107804592534796,0.00458897927681901,TRUE
"g57773",17.9011033076669,1.16567575260137,0.301641665709754,3.86443878652697,0.000111344907966624,0.00472806502578862,TRUE
"g5617",22.2044528520983,-2.59452881778001,0.672621538335618,-3.85733829487543,0.000114628464047095,0.00483196627643774,TRUE
"g10288",14.6937571996276,-1.65403752841124,0.429395077285993,-3.85201791055836,0.000117148452135157,0.00490240805130818,TRUE
"g13797",307.329900755654,-1.0723782216884,0.279291741711523,-3.83963455244606,0.000123217585488563,0.00511929177119749,TRUE
"g147",5593.12932150641,-0.759160555519339,0.197871285533551,-3.83663831501523,0.000124729959686402,0.00516972859226536,TRUE
"g10431",43.5571552931989,-3.28502296695137,0.856677542442806,-3.83460847775251,0.000125764459962005,0.00520016531943136,TRUE
"g7546",1734.61658885951,0.652896022177661,0.170401737528792,3.83151035691373,0.000127359012092013,0.00522903132173735,TRUE
"g8108",16.2198814616746,-3.38894369571653,0.884496920284519,-3.83149292891421,0.000127368035657902,0.00522903132173735,TRUE
"g1283",171.676977556397,-0.755991144443729,0.197437832805575,-3.82900852233414,0.000128660551988038,0.00525717939432253,TRUE
"g1883",57.4024659324142,-2.01985207766172,0.528714956630231,-3.82030440473118,0.000133287070366617,0.00539532358434963,TRUE
"g6989",110.377594196648,-0.730488254157315,0.191415455737403,-3.81624488651245,0.000135498030602568,0.00545931018648717,TRUE
"g14611",371.015000181585,-1.03998530685095,0.272612722432459,-3.81488177650481,0.000136248146216102,0.0054767961327006,TRUE
"g10024",24.7492201605162,-1.19980085899779,0.314760390193797,-3.81179111596308,0.000137963444042916,0.00552395048414071,TRUE
"g20826",376.776232570154,-0.926186148251122,0.24349216053409,-3.80376167437823,0.000142515298103371,0.00568911875493294,TRUE
"g13809",15.4512783058392,-3.4717945446507,0.91499791778012,-3.7943196123043,0.00014804886887001,0.00585604258715278,TRUE
"g12478",12.3753050583576,1.56292397394695,0.41211172569088,3.79247635171457,0.000149152458051019,0.00588625589005443,TRUE
"g22952",39.3904123663751,-3.39725360158947,0.898354406888389,-3.78164071500074,0.000155798114164302,0.00613455074521941,TRUE
"g11046",45.3472506753431,1.45341491519131,0.38445830122166,3.7804227677564,0.000156562281176383,0.00615066104621504,TRUE
"g32237",169.111980505257,-0.74638575084163,0.197581958270388,-3.77760073528684,0.000158346464490588,0.00620667985814352,TRUE
"g7432",5979.47308996968,0.608994813076803,0.161311258372044,3.77527780281914,0.000159829439948024,0.00625066602054067,TRUE
"g13241",64.1886943333599,1.06531518909311,0.282699571639517,3.76836506300595,0.000164320271383263,0.00639741281284277,TRUE
"g6868",312.400802253982,-0.639419144046481,0.16973436774053,-3.76717545514382,0.000165104968140032,0.00641355061216604,TRUE
"g4655",308.994438184559,-0.650828605261806,0.172997895312651,-3.76206082788229,0.000168519047717345,0.00649334124984055,TRUE
"g8320",782.250053141149,0.860594223086817,0.228768614559712,3.76185441671322,0.000168658214281573,0.00649334124984055,TRUE
"g14586",9.81038129891197,-3.5546824914907,0.945454762700856,-3.75975946362164,0.000170076803786762,0.00653343819424756,TRUE
"g3744",326.311185295213,5.94220026053336,1.58092543143439,3.75868471869791,0.000170808911626512,0.00654232668354814,TRUE
"g9279",77.8663738889495,-2.72219462850858,0.724464165935177,-3.75752833129383,0.000171599943647545,0.00654232668354814,TRUE
"g16189",92.155591606986,-0.608392801550346,0.161926772917785,-3.75720945083767,0.000171818680578032,0.00654232668354814,TRUE
"g14127",23.8036854941779,2.68584598696648,0.715218819120818,3.75527868557493,0.000173148705454453,0.00657851167104912,TRUE
"g9307",446.417717911663,-4.86209636802149,1.29901032445849,-3.74292357533673,0.000181891562964432,0.00683572956260041,TRUE
"g36501",12.953372184926,-4.16092167240711,1.11316965107399,-3.73790434224706,0.000185560516282862,0.00694349016112439,TRUE
"g33912",51.2943750357445,0.71182050777389,0.190573195709512,3.73515543528435,0.000187599279926525,0.00698958607468181,TRUE
"g7515",2091.85042016932,-0.701511247637109,0.187926171092376,-3.7329087458089,0.000189281184137308,0.00700704383585227,TRUE
"g2873",55.2462428120923,-1.39871127564915,0.374863217407137,-3.73125772468099,0.000190526185617993,0.00703809417021689,TRUE
"g21900",110.459010949168,0.664667083219671,0.178925793321603,3.71476393023443,0.00020339348428063,0.00744987762190681,TRUE
"g4692",251.270476671745,-0.697713398482578,0.187954387598374,-3.71214211808383,0.000205512531679143,0.00751161310409526,TRUE
"g7255",1398.0414771078,-0.592119948837057,0.159637696027108,-3.70914867586482,0.000207957294302751,0.00756903387351925,TRUE
"g9805",80.9374512424206,-0.880154888661785,0.237756748181151,-3.70191338582399,0.000213979671308171,0.00775564394438087,TRUE
"g38702",86.6279708855001,-1.09970233919238,0.297309137437541,-3.69885146709763,0.000216577291169577,0.00783340619940067,TRUE
"g13236",10.8890769875156,-1.66742918576038,0.450966998979714,-3.69745278375767,0.000217773708712633,0.0078602697988466,TRUE
"g27320",23.3189232663747,-0.990120161986934,0.268326021700825,-3.68998934844599,0.000224263441908933,0.00806092143375987,TRUE
"g10032",33.2757484099765,-1.18214684919616,0.32092949498503,-3.68350951741378,0.000230044690625984,0.00823820777549782,TRUE
"g8265",5551.2792243856,0.65501616946226,0.177992070263261,3.68003006253846,0.00023320645906326,0.00829630780959132,TRUE
"g4208",117.052079112267,-0.753387029405133,0.204882332163883,-3.67716933640969,0.000235836490525506,0.00835555664285152,TRUE
"g4961",122.931319357677,-2.80037644111618,0.762599813495556,-3.67214414632492,0.000240523943126779,0.00850423941769684,TRUE
"g2348",2307.29616511797,-0.705113322934155,0.192227317854293,-3.66812236057222,0.000244338251292287,0.00856915020979528,TRUE
"g5537",4639.60637431557,0.750511924409785,0.204848702566248,3.66373774892262,0.000248561283344266,0.00863539000952884,TRUE
"g10793",17.8824433756499,-2.36540206866024,0.645628013248944,-3.66372279411639,0.000248575803488022,0.00863539000952884,TRUE
"g6490",861.314811071737,-0.989813777785064,0.270323761166625,-3.6615862901336,0.000250658405294216,0.0086853137434446,TRUE
"g1688",55.1864996876741,-1.64375226146581,0.449121395184376,-3.659928649783,0.000252285486656914,0.00872181141982513,TRUE
"g5091",38.9094328173999,0.741741973078667,0.202690033938545,3.65948911579719,0.000252718576205034,0.00872181141982513,TRUE
"g4686",26.3615183199972,0.859102239891363,0.234999298871494,3.65576511937234,0.00025641605216061,0.00883182525583014,TRUE
"g7353",49.6781075131851,-3.21460335846472,0.881185426368794,-3.64804417126088,0.000264244215910413,0.00905756699408807,TRUE
"g9199",48.6716053012034,-0.935981099486023,0.257050390819072,-3.64123585458706,0.000271332420969576,0.00919928413561233,TRUE
"g20126",14.7215657204384,-4.14053193005839,1.14052320938818,-3.63037936972763,0.00028300494866878,0.00955762326644564,TRUE
"g24076",12.5426860544685,1.53223822448481,0.422604120755325,3.62570583018979,0.000288173255610183,0.00969437214261441,TRUE
"g7038",39.4383012950583,0.738450958702651,0.203728313199416,3.62468498907086,0.000289313873915478,0.00971388152245281,TRUE
"g19175",45.3600881033469,0.896478637136422,0.247368071079479,3.62406770293481,0.000290005637904018,0.00971827403614529,TRUE
"g19498",24.9561723095059,-1.48515892230167,0.410635321920158,-3.61673446735406,0.000298343075118917,0.0099019037862744,TRUE
