"","sample4","sample5","sample6","sample7","sample13","sample14","sample15","sample16","sample17","sample18","sample19","sample20"
"g5823",382.627519829883,1349.67725097317,261.127208331322,900.88814539075,392.326669619472,1249.7936047505,310.378704840107,2134.2826721898,356.644670330979,1746.70832127884,333.907462613579,1054.10069795588
"g8064",77.8384415340203,872.944661377532,41.7803533330116,420.297961137683,92.6855886156034,334.713132863702,58.8821337156473,1014.17185088922,100.169756605685,949.449766962117,48.9347143485418,392.919276248455
"g5273",30.0100015552849,178.934484030534,10.4450883332529,128.44864924582,34.2809711317985,227.100263095993,17.9640407946043,272.599058009714,32.9417320381112,159.172460931884,11.514050434951,150.585813993697
"g11825",27.196563909477,350.200347316902,24.0237031664816,212.333481406355,46.9776271065387,378.500438493322,23.9520543928057,1105.89949600149,59.4968017423028,470.536134509167,17.2710756524265,399.900075572666
"g11369",16.8806258748478,173.82207020109,7.31156183327702,161.653061976032,22.8539807545324,112.065816102925,17.9640407946043,337.195991187371,34.6224326523005,346.269915009713,12.9533067393199,166.541926734751
"g4305",257.89845086573,977.74914488113,191.145116498528,578.455821773692,293.292753016499,580.367339023093,206.586469137949,1220.88203705772,251.096671759888,985.752258051845,188.542575872323,720.019587440062
"g2622",47.8284399787354,173.82207020109,38.6468268330357,131.070050250837,77.4496014459152,189.992376969197,47.9041087856113,188.623044878759,63.8666233391951,212.229947909179,50.3739706529106,143.605014669486
"g1707",37.5125019441062,247.952070728025,29.2462473331081,115.341644220736,44.4382959115907,301.316035349586,38.9220883883092,506.439956112833,56.1354005139242,266.683684543771,37.4206639135908,170.530954920015
"g4967",21.569688617861,364.259485347872,16.7121413332046,193.983674371238,46.9776271065387,173.664907073406,15.9680362618704,612.378926524191,57.8161011281135,416.082397874575,25.9066134786398,190.476095846332
"g123",93.7812548602654,663.335694370335,53.2699504995897,323.306123952064,129.50589094235,529.900613890651,40.918092921043,825.54880601046,136.472889872175,758.163563912397,41.7384328266974,379.954934646349
"g8459",21.569688617861,145.703794139149,21.9346854998311,90.0014345055745,24.1236463520064,75.7000876986644,42.9140974537768,176.995596906781,29.9164709325704,122.869969842156,27.3458697830086,114.684560326326
"g8173",28.1343764580796,276.070346789966,18.8011589998552,246.411694471573,44.4382959115907,122.456024218428,13.9720317291366,474.141489524004,58.4883813737892,298.797426661608,11.514050434951,199.451409263175
"g4166",286.970639872412,1515.83070043009,192.189625331853,1040.69619899164,449.461621505803,839.380384188131,219.560498600719,2092.94063495609,446.39408312869,1639.19709766695,264.823160003873,993.268018130612
"g12056",33.7612517496955,293.96379519302,17.7566501665299,228.061887436456,58.4046174838049,149.915859952257,22.9540521264388,445.718838925835,74.2869671471691,360.232411582686,35.9814076092219,209.423979726334
"g20498",27.196563909477,215.999484294001,17.7566501665299,127.574848910814,29.2023087419025,104.644238877565,5.98801359820142,304.897524598542,46.0511968287881,279.249931459446,12.9533067393199,170.530954920015
"g2926",27.196563909477,249.230174185386,18.8011589998552,129.322449580825,63.483279873701,164.759014402975,17.9640407946043,276.474874000373,47.3957573201396,201.059950650801,30.2243823917464,123.659873743169
"g4715",154.739070519438,750.24672947088,109.673427499155,548.746610383503,255.202785092278,483.144677370887,98.8022243703234,1165.32867452494,191.936010140423,759.559813569694,135.290092610674,425.828758776879
"g3224",210.070010886995,1256.37569858582,102.361865665878,777.682298154964,384.708676034628,1090.22969440527,91.8162085057551,1762.20433708649,343.199065417464,1590.32835966155,238.916546525233,1270.50547700643
"g15993",8.44031293742389,66.4613797827696,8.35607066660231,32.3306123952064,10.1573247797922,73.4736145310566,11.9760271964028,72.3485651589761,18.8238468789207,71.2087325221588,18.7103319567954,70.8052502884272
"g482",26.2587513608743,177.656380573173,29.2462473331081,94.3704361806024,35.5506367292725,118.745235605748,24.9500566591726,457.346286897813,54.1185597768969,322.53367083566,38.8599202179596,261.281346134759
"g23784",62.8334407563778,320.8039677976,17.7566501665299,145.050855610926,78.7192670433892,213.741424090346,27.9440634582733,466.389857542685,66.2196041990602,428.64864479025,34.542151304853,299.177113894763
"g829",314.167203781889,763.02776404449,291.417964497756,715.642474369568,459.618946285595,807.467602119087,226.546514465287,764.827688823462,369.417994998818,818.202299176178,305.122336526202,576.414572770576
"g562",2675.57920116337,6546.44590860281,1577.20833832119,4791.04723683558,2621.85945878385,3903.00746281643,1729.53792761384,6636.68891467251,2283.39985443765,7958.62304659422,1862.39765785332,4802.78993505726
"g4614",2045.36916850239,10293.8452455851,2349.10036614857,6599.81393029713,3745.51351254836,8220.13893480791,2878.23853620215,4467.52389856678,2623.23751862673,7204.64823165371,3167.8031259159,8466.71232322179
"g13235",8.44031293742389,118.863621534569,11.4895971665782,48.9328187603123,15.2359871696882,39.334359294404,7.98401813093522,131.777743682421,16.4708660190556,106.11497395459,8.63553782621325,47.868338223162
"g1077",56.2687529161592,507.407072572299,48.0474063329633,322.432323617058,149.820540501934,293.894458124226,33.9320770564747,779.039014122546,126.388686187039,633.897344412943,67.6450463053371,356.020765534768
"g1871",571.127842099016,374.48431300676,557.767716995704,401.948154102566,657.686779491542,435.646583128588,643.711461806652,361.742825794881,544.546998997348,325.326170150255,588.65582848687,371.976878275822
"g1156",2081.94385789789,5061.28969114938,1279.52332082348,3932.9753078601,2384.43199205621,3410.21473505258,1357.28308225899,6008.80672418568,1734.81917396624,7032.90952380616,1501.14432545674,3747.69198005506
"g13057",12.1915631318345,74.1300005269354,15.6676324998793,66.4088254604239,25.3933119494804,88.3167689817751,6.98601586456832,379.829967084625,17.8154265104071,127.058718814048,17.2710756524265,119.670845557905
"g3043",272.903451643372,1118.34052519084,111.762445165806,604.66983182386,379.630013644732,783.718554997937,194.610441941546,1678.22832395554,246.726850162996,1149.11346795562,125.215298480092,717.027816301115
"g13788",6.56468784021858,435.833278960086,8.35607066660231,15.7284060301004,5.07866238989608,72.7314568085207,6.98601586456832,1474.10201511414,10.0842036851361,488.687380054031,18.7103319567954,556.469431844259
"g8242",63.7712533049805,218.555691208723,80.4271801660473,158.15786063601,63.483279873701,127.651128276179,91.8162085057551,205.41824750495,85.7157313236566,234.569942425935,79.1590967402881,164.547412642119
"g3892",2702.77576507285,9477.13713633148,4048.51623796882,6633.01834302734,3438.25443795965,5267.09335683746,1993.01052593471,8294.24622001119,3522.41234721803,9642.50013329468,2396.36174677418,6970.82675374797
"g3958",7.50250038882123,154.650518340676,4.17803533330116,63.7874244554071,33.0113055343245,93.5118730395266,4.99001133183451,224.797327458247,18.8238468789207,181.51245544864,2.87851260873775,91.7476482610606
"g4981",122.853443866948,959.855696478077,58.4924946662162,358.258137352287,154.89920289183,249.364994772071,40.918092921043,664.056473066317,122.691144835822,707.898576249696,46.056201739804,416.853445360036
"g9792",268.214388900359,4240.74727152365,111.762445165806,1932.84634103234,644.990123516802,2754.14730833082,144.710328623201,5597.97022917578,478.663534921126,4237.6177098971,118.019016958248,2183.99293143177
"g3740",383.565332378485,865.276040633366,359.311038663899,595.058028138798,452.000952700751,616.733067427354,323.352734302877,904.357064487202,404.712707896794,956.431015248604,303.683080221833,667.164963985321
"g5675",586.132842876659,1097.89086987306,557.767716995704,752.342088439802,601.821493202685,797.077394003584,542.913232903595,994.792770935922,554.631202682484,962.016013877792,613.123185661141,926.451796027449
"g5301",14.0671882290398,135.478966480261,8.35607066660231,96.9918371856191,27.9326431444284,52.6931983000507,7.98401813093522,249.344162065757,21.8491079844615,156.37996161729,14.3925630436888,48.8655952694779
"g1423",5870.70655425261,3972.34554547785,7244.7132679442,3723.26322745876,5511.61835863472,4138.27146086032,6757.4733455703,3245.3499228455,5703.28946419013,2983.78551764418,5391.45411616581,2875.09206452867
"g5480",41.2637521385168,214.72138083664,36.5578091663851,83.8848321605354,43.1686303141167,299.831719904514,39.9200906546761,1014.17185088922,59.4968017423028,554.311113947001,43.1776891310663,617.302111669527
"g869",631.147845209586,1727.99587435201,505.54227532944,1022.34639195653,542.147210121406,1038.27865382776,491.017115052516,2618.75967102223,549.589100839916,1831.87955037397,644.786824357256,1179.75508579168
"g5108",1213.52943789183,6827.62866922222,606.859632161993,1913.62273366221,928.125551753508,1899.92376969197,978.042221039565,4019.22118231383,1168.0869268616,5794.43607778351,988.769081101417,3388.67944338135
"g6897",88291.3002007455,58842.605073441,117465.463395762,38709.3548407471,94178.7153582329,51940.6503693993,110446.914814292,45654.528492641,105650.857448679,39222.0491231365,126879.078767943,73497.84431348
"g2759",343.239392788571,757.915350215046,194.278642998504,541.756207703458,402.483994399264,576.656550410414,313.372711639208,872.058597898373,350.594148119898,776.314809457261,293.608286091251,644.228051920056
"g26067",15.9428133262451,61.3489659533258,6.26705299995173,13.1070050250837,8.88765918231814,64.5677218606255,9.98002266366903,266.139364691948,14.4540252820284,159.172460931884,5.7570252174755,278.234715922129
"g15701",27.196563909477,63.9051728680477,17.7566501665299,59.4184227803793,29.2023087419025,134.330547779002,32.9340747901078,91.7276451122733,34.6224326523005,86.5674787524284,25.9066134786398,84.7668489368494
"g7529",15.0050007776425,33.2306898913848,12.5341059999035,402.821954437571,7.61799358484412,146.947229062113,2.99400679910071,67.1808105047635,5.71438208824378,199.663700993504,2.87851260873775,1749.18885923805
"g8125",95.6568799574707,316.969657425517,98.1838303325772,212.333481406355,95.2249198105515,138.041336391682,84.8301926411867,294.562015290117,120.002023853119,213.626197566476,106.504966523297,274.245687736866
"g9996",26.2587513608743,213.443277379279,7.31156183327702,35.8258137352287,8.88765918231814,126.908970553643,8.98202039730213,534.862606711002,25.8827894585159,280.646181116744,7.19628152184438,153.577585132645
"g6169",222.261574018829,400.046382153979,207.857257831732,362.627139027315,226.000476350375,284.246407731259,209.58047593705,461.222102888473,223.533181687183,368.609909526469,181.346294350478,327.100311191607
"g1172",23.4453137150664,291.407588278298,19.8456678331805,171.264865661093,69.8316078610711,80.8951917564158,22.9540521264388,445.718838925835,49.4125980571668,270.872433515663,7.19628152184438,185.489810614753
"g13743",128.480319158564,14555.0421724266,13.5786148332288,3296.84866397604,83.7979294332853,1585.24889533674,12.9740294627697,11599.0253213801,478.327394798288,8191.79673936286,34.542151304853,1772.12577130331
"g7216",2519.90231809533,44201.9299693713,737.423236327654,22090.546269276,5719.84351662046,14512.1521064675,654.689486736688,64112.4561788248,4946.63804768208,51541.15984947,788.712454794144,29832.9445405394
"g32",3129.48047468706,6232.03245809202,3054.14382864314,5337.17244621407,3764.55849651047,4485.60127500713,2807.3803752901,5990.71958289593,3754.01289185332,6678.26211085266,2764.81136069261,4670.15474789725
"g8422",33.7612517496955,166.153449456924,47.002897499638,54.1756207703458,27.9326431444284,2300.68893986137,39.9200906546761,1683.39607860975,33.2778721609491,441.214891705925,28.7851260873775,425.828758776879
"g13531",302.913453198657,1762.50466770076,103.406374499204,578.455821773692,176.483518048889,382.211227106001,133.732303693165,2700.15180682607,206.72617554529,2013.39200582261,89.2338908708703,1154.82365963378
"g10913",22.5075011664637,1117.06242173347,34.4687914997345,108.351241540692,62.213614276227,69.020668195841,17.9640407946043,1448.26324184308,30.2526110554082,1013.67725119779,34.542151304853,320.119511867396
"g643",3520.54830745436,5352.69727942768,2905.82357431095,4873.18446832611,3765.82816210794,4308.22557932105,2717.56017131708,4802.13601242704,3603.42211682196,5367.18368265056,3059.85890308823,5102.96430599834
"g4815",920.931922727806,1647.47535653827,822.028451827002,1578.08340502007,902.732239804028,1129.56405369968,845.307919612767,1693.73158791817,1073.29541222132,1752.29331990803,787.273198489775,1320.36832932222
"g25125",37.5125019441062,182.768794402617,17.7566501665299,111.846442880714,19.0449839621103,33.3970975141166,20.958047593705,174.411719579675,44.3704962145987,222.00369551026,18.7103319567954,159.56112741054
"g868",3504.60549412812,8068.66712631971,2538.15646498045,5264.6470184086,3605.85029682622,5056.32056363726,3506.9799640133,11993.0666137638,3408.79698569883,9155.20900289795,3546.32753396491,6962.84869737745
"g329",302.913453198657,483.123106882441,284.106402664479,460.492776547939,224.730810752901,431.935794515908,287.424652713668,839.760131309544,258.155614339484,686.954831390238,296.486798699988,513.587378852676
"g11760",116.288756026729,1674.31552914285,21.9346854998311,139.808053600892,104.11257899287,529.158456168115,14.9700339955035,2605.84028438669,42.3536554775715,1116.99972583779,20.1495882611643,521.565435223203
"g6663",96.5946925060734,1435.31018261635,29.2462473331081,853.702927300449,179.022849243837,515.799617162468,26.9460611919064,1315.1935594971,197.314252105829,1278.96468608426,31.6636386961153,727.000386764273
"g9809",986.578801129992,6979.72298064817,942.146967659411,4227.44602075698,2830.08461676959,6009.99323709592,1544.90750833597,3076.10595792004,1726.75181101813,6319.42594892727,2250.99686003292,6161.05403213948
"g11032",95.6568799574707,125.254138821374,89.8277596659749,146.798456280937,83.7979294332853,154.368806287472,97.8042221039565,167.952026261909,81.3459097267643,145.209964358912,96.4301723927147,191.473352892648
"g31646",61.8956282077752,39.6212071781896,68.9375829994691,27.9616107201785,73.6406046534931,40.07651701694,70.8581609120501,33.5904052523818,84.0350307094673,39.0949904043225,105.065710218928,31.912225482108
"g295",384.503144927088,552.140693579932,380.201215330405,616.903036513938,366.933357669992,561.071238237159,396.20689974766,687.311369010273,450.427764602745,723.257322479966,356.935563483481,512.59012180636
"g16911",25.3209388122717,112.473104247764,10.4450883332529,27.0878103851729,24.1236463520064,129.135443721251,35.9280815892085,240.300591420885,30.924891301084,154.983711959993,24.4673571742709,184.492553568437
"g5483",196.002822657955,1166.90845657055,82.5161978326978,433.404966162766,253.933119494804,412.639693729974,187.624426076978,1472.81007645059,220.171780458804,994.129755995629,295.047542395619,605.335027113737
"g9196",26357.2216784776,12570.147503145,46180.869047811,12781.0775001266,24505.8156968461,11867.844141072,35299.3401613974,10518.9645986497,32902.739783862,5807.00232469919,42085.2935960503,20621.2812037197
"g8464",91.9056297630601,205.774656635114,134.741639498962,804.770108540137,83.7979294332853,1248.30928930543,72.8541654447839,325.568543215393,80.6736294810886,2697.55433789825,70.5235589140749,25311.3810925432
"g5495",912.491609790382,600.708624959649,1089.42271315828,614.281635508921,945.900870118145,636.771325935824,864.269962673738,576.204643944703,803.038753459669,626.916096126457,1230.56414023539,683.121076726375
"g6498",45.0150023329274,80.5205178137401,42.8248621663368,83.0110318255298,55.8652862888569,114.292289270532,48.9021110519782,113.690602392677,56.8076807595999,90.75622772432,44.6169454354351,89.7531341684288
"g13941",0.937812548602654,77.9643108990182,3.13352649997587,13.1070050250837,11.4269903772662,2671.02564340679,0.998002266366903,419.880065654772,8.06736294810886,136.832466415129,15.8318193480576,207.429465633702
"g1818",454.839086072287,628.82690102159,342.598897330695,583.698623783726,436.764965531063,518.026090330076,417.164947341365,742.864731543058,421.855854161526,698.124828648616,374.206639135908,622.288396901106
"g4484",695.856911063169,1195.02673263249,651.77351199498,1029.33679463657,740.215043327353,872.035323979712,639.719452741185,1197.62714111377,748.920193682772,1115.60347618049,836.207912838317,1046.12264158535
"g9011",314.167203781889,113.751207705125,415.714515663465,211.45968107135,206.955492388265,100.933450264886,349.300793228416,152.448762299271,336.476262960707,129.851218128643,479.272349354836,160.558384456856
"g9305",713.67534948662,12890.9514709426,59.5370034995415,3764.33184320403,295.832084211447,2895.15727561264,59.8801359820142,12265.6656717736,1147.58237936849,12989.3105618361,69.084302609706,6535.02542450793
"g14156",60.0200031105699,232.614829239694,26.1127208331322,167.769664321071,50.7866238989608,85.3481380916314,66.8661518465825,335.904052523818,100.842036851361,388.15740472863,46.056201739804,290.20180047792
"g10119",9.37812548602654,327.194485084404,7.31156183327702,153.788858960982,45.7079615090647,178.117853408622,2.99400679910071,365.61864178554,55.1269801454105,349.062414324308,20.1495882611643,282.223744107393
"g8960",192.251572463544,815.430005796289,94.005794999276,434.278766497772,214.573485973109,235.263998043888,95.8082175712227,684.727491683167,184.54092743799,699.521078305913,73.4020715228126,365.993335997926
"g4234",137.85844464459,235.171036154416,109.673427499155,204.469278391305,144.741878112038,322.838609303127,141.7163218241,355.283132477115,114.287641764876,354.647412953497,76.2805841315504,191.473352892648
"g35662",211.007823435597,168.709656371646,287.239929164454,126.701048575809,238.697132325116,137.299178669146,239.520543928057,149.864884972165,292.105766746108,141.02121538702,261.944647395135,190.476095846332
"g68084",55.3309403675566,7.66862074416573,191.145116498528,2.62140100501673,88.8765918231814,8.9058926704311,35.9280815892085,7.75163198131887,4.3698215968923,2.79249931459446,89.2338908708703,5.98354227789526
"g3884",37.5125019441062,49.8460348370772,25.0682119998069,82.1372314905243,40.6292991191686,82.3795072014877,21.9560498600719,176.995596906781,34.6224326523005,114.492471898373,31.6636386961153,90.7503912147447
"g7404",47.8284399787354,182.768794402617,35.5133003330598,77.7682298154964,68.5619422635971,80.8951917564158,36.9260838555754,136.945498336633,43.698215968923,132.643717443237,48.9347143485418,122.662616696853
"g6509",836.528793353567,1471.09707942246,689.375829994691,1077.39581306188,844.327622320223,1138.46994637011,792.413799495321,2113.61165357295,755.306856016692,1415.79715249939,827.572375012103,1348.29152661906
"g2226",1.87562509720531,61.3489659533258,36.5578091663851,42.8162164152733,2.53933119494804,101.675607987422,2.99400679910071,1719.57036118924,5.37824196540591,513.819873885381,4.31776891310663,391.922019202139
"g658",253.209388122717,810.317591966845,271.572296664575,468.356979562989,300.910746601343,475.723100145528,338.32276829838,1334.5726394504,326.392059275571,1094.65973132103,398.673996310178,726.003129717958
"g4947",382.627519829883,1679.42794297229,185.922572331901,969.918371856191,577.697846850679,1145.89152359547,95.8082175712227,3140.7028910977,458.158987428016,2120.90322943449,189.981832176692,1495.88556947381
"g8777",144.423132484809,734.909487982549,131.608112998986,159.905461306021,126.966559747402,351.040602759493,155.688353553237,3134.24319777993,158.994278102312,3218.35546007012,97.8694286970835,1763.15045788647
"g24224",69442.2057863807,48817.1615539017,84293.9518670175,30764.7621948764,70937.4865964709,42244.3597244674,97946.936428047,43184.3417679274,83222.2438924453,33494.6330289033,90910.62446546,63212.1351377781
"g352",291.659702615425,586.649486928678,294.551490997731,578.455821773692,429.146971946219,509.120197659645,344.310781896581,532.278729383896,314.627154976246,573.858609149162,444.730198049983,681.126562633743
"g10896",6.56468784021858,10.2248276588876,5.22254416662644,27.0878103851729,7.61799358484412,31.9127820690448,1.99600453273381,25.8387732710629,2.35298085986508,15.3587462302695,2.87851260873775,31.912225482108
"g5511",73.149378791007,3678.38175028483,29.2462473331081,1095.74562009699,445.652624713381,798.561709448655,36.9260838555754,4520.49338377245,274.626480358539,2365.24691946151,86.3553782621325,1798.05445450752
"g10980",301.975640650055,221.111898123445,514.942854829367,164.274462981049,393.596335216946,271.629726448149,478.043085589747,164.076210271249,296.139448220163,180.116205791343,379.963664353383,167.539183781067
"g789",154.739070519438,223.668105038167,145.186727832215,291.849311891863,156.168868489304,362.172968597531,160.678364885071,374.662212430412,185.885487929342,279.249931459446,136.729348915043,212.415750865282
"g2745",275.71688928918,472.898279223553,239.192522831491,339.90833031717,248.854457104908,1047.18454649819,211.576480469783,741.572792879505,245.046149548807,629.708595441051,178.467781741741,382.946705785296
"g508",1191.02193672537,1731.83018472409,1050.77588632524,1440.8967524242,1066.51910187818,1629.77835868889,1162.67264031744,2182.08440274126,1199.34795828552,1996.63700993504,1047.77858958054,1422.08854804644
"g15134",2405.48918716581,1889.03690997949,3265.13461297485,1520.4125829097,2762.79234010347,1737.3912284566,2971.05274697427,1502.52466571231,3310.98020995301,1729.95332539127,3657.15026940131,2457.24136212232
"g13103",2.81343764580796,28.118276061941,5.22254416662644,13.9808053600892,6.3483279873701,27.4598357338292,0.998002266366903,58.1372398598915,10.7564839308118,43.2837393762142,2.87851260873775,35.9012536673715
"g3978",328.234392010929,575.14655581243,322.753229497514,384.472147402454,266.629775469544,504.667251324429,386.226877083991,555.533625327852,291.097346377595,598.991102980512,215.888445655331,542.507833195836
"g15365",0.937812548602654,7.66862074416573,3.13352649997587,2.62140100501673,1.26966559747402,474.980942422992,0.998002266366903,1098.14786402017,7.39508270243312,8.37749794378339,4.31776891310663,365.993335997926
"g768",1774.34134195622,2946.028469217,1582.43088248781,2786.54926833279,1708.96989420003,2010.50527034982,1457.08330889568,2811.25853189164,1949.2765723368,3316.09293608092,1544.3220145878,2254.7981817202
"g6329",4638.42086538873,7358.04160402702,3864.68268330357,5750.4800046717,4475.57123109592,5029.60288562596,4452.08811026275,6432.56260583111,4002.75658275335,7754.77059662882,4087.48790440761,6003.48741882157
"g11915",13.1293756804372,54.9584486665211,22.9791943331564,36.6996140702342,20.3146495595843,58.6304600803381,13.9720317291366,49.0936692150195,17.4792863875692,37.6987407470252,25.9066134786398,37.8957677600033
"g22293",8.44031293742389,184.046897859977,2.08901766665058,62.039823785396,33.0113055343245,47.4980942422992,2.99400679910071,183.455290224547,25.5466493356781,149.398713330804,2.87851260873775,79.7805637052701
"g6983",3327.35892244222,6373.90194185908,3787.3890296375,11143.5756723261,4460.33524392623,9692.57985631918,4368.25591988793,4612.22102888473,2895.84715824824,9871.48507709143,1639.31293067615,12050.854147681
"g1",1252.91756493315,2580.49088041177,1438.28866348892,1566.724000665,1385.20516684416,2501.07152494607,1179.63867884568,3839.64170807995,1273.63492543269,3267.22419807552,1233.44265284413,1876.83776116648
"g37213",7.50250038882123,46.0117244649944,0,24.4664093801562,7.61799358484412,12.6166812831107,0,68.4727491683167,6.05052221108165,53.0574869772948,4.31776891310663,26.9259402505286
"g7366",5.62687529161592,20.4496553177753,3.13352649997587,15.7284060301004,8.88765918231814,14.8431544507185,2.99400679910071,37.4662212430412,4.70596171973017,22.3399945167557,4.31776891310663,18.9478838800016
"g5151",3649.96643916153,185610.01838833,336.331844330743,68714.7845445036,19390.3330046232,49518.247563042,220.558500867086,259432.911089443,15106.1371203338,192830.455170691,1168.67611914753,93170.7340661533
"g1078",115.350943478126,177.656380573173,100.272847999228,205.343078726311,149.820540501934,395.570066111648,96.8062198375896,290.686199299458,164.708660190556,358.836161925388,118.019016958248,237.347177023178
"g13731",450.150023329274,25482.8267328627,40.7358444996863,4049.19075241585,605.630489995107,4875.97623706103,14.9700339955035,30060.8288235546,1608.09434765637,24479.0489917351,44.6169454354351,9543.74993324293
"g7372",960.320049769118,1441.70069990316,814.716889993725,1463.61556113434,892.574915024236,916.564787331867,744.50969070971,1417.2567139178,934.133401366438,1503.76088090912,800.226505229095,1347.29426957275
"g9272",31.8856266524902,76.6862074416573,30.2907561664334,64.6612247904127,36.8203023267466,47.4980942422992,19.9600453273381,117.566418383336,43.698215968923,115.88872155567,30.2243823917464,99.7257046315876
"g7727",380.751894732677,352.756554231624,552.545172829078,252.528296816612,448.191955908329,244.912048436855,501.995139982552,270.015180682607,615.808705038976,252.721187970799,463.440530006778,362.004307812663
"g2748",49.7040650759407,129.088449193456,39.691335666361,84.758632495541,71.1012734585451,89.058926704311,36.9260838555754,191.206922205865,47.0596171973017,154.983711959993,40.2991765223285,79.7805637052701
"g6443",74.0871913396097,71.5737936122135,116.984989332432,44.5638170852844,110.46090698024,58.6304600803381,97.8042221039565,32.2984665888286,103.531157834064,27.9249931459446,112.261991740772,45.8738241305303
"g164",126849.463136544,83599.4690425227,169566.608510861,91679.1311487852,122153.257467378,83532.078144586,113654.494098396,89887.9244553736,145830.022471613,91087.1388930995,110899.016020535,64599.3196892035
"g5389",169.74407129708,1863.47484083227,104.450883332529,1451.38235644426,559.922528486043,774.812662327506,89.8202039730213,2432.72050347057,425.217255389904,2098.56323491774,97.8694286970835,1070.05681069693
"g11844",2.81343764580796,12.7810345736095,10.4450883332529,13.1070050250837,11.4269903772662,244.169890714319,5.98801359820142,100.771215757145,4.70596171973017,53.0574869772948,10.0747941305821,1098.9772650401
"g41038",0.937812548602654,12.7810345736095,4.17803533330116,23.5926090451506,2.53933119494804,8.9058926704311,0,38.7581599065944,5.37824196540591,33.5099917751336,0,23.934169111581
"g19862",738.996288298891,69.0175866974916,2253.00555348265,45.43761742029,1183.32833684579,186.281588356517,479.041087856113,111.10672506557,77.3122282527099,53.0574869772948,1253.59224110529,146.596785808434
"g5161",111.599693283716,48.5679313797163,256.949172998021,104.856040200669,196.798167608473,73.4736145310566,270.458614185431,67.1808105047635,280.677002569621,125.662469156751,224.523983481545,113.68730328001
"g2940",327.296579462326,646.720349424643,338.420861997394,533.018204353402,385.978341632102,477.949573313136,380.23886348579,894.021555178776,348.913447505708,756.767314255099,313.757874352415,455.746470166355
"g6037",49.7040650759407,97.1358627594326,55.3589681662403,67.2826257954295,68.5619422635971,146.205071339577,53.8921223838128,149.864884972165,61.1775023564922,154.983711959993,41.7384328266974,106.706503955799
"g10981",225.075011664637,76.6862074416573,310.219123497611,164.274462981049,166.326193269097,97.2226616522062,222.554505399819,125.318050364655,249.079831022861,96.341226353509,343.982256744161,146.596785808434
"g48923",1209.77818769742,750.24672947088,1569.89677648791,828.362717585287,1058.90110829333,734.736145310566,1006.98428676421,779.039014122546,1628.26275502664,822.391048148069,1066.48892153734,560.458460029522
"g1091",9810.45707093236,6396.90780409158,14052.8218435584,8581.59309008977,11494.2826539323,8727.77481702248,10603.7740801483,6499.74341633587,10123.8682196309,6168.63098593917,10319.4677023248,6195.95802876054
"g9742",1187.27068653096,2769.65019210119,838.740593160207,1590.31660971015,1009.38414999185,1121.40031875178,812.373844822659,2913.32168631234,788.920868300479,2634.72310331988,864.993038925694,1363.2503823138
"g1382",47.8284399787354,98.4139662167935,43.8693709996621,65.5350251254183,39.3596335216946,114.292289270532,47.9041087856113,96.8953997664859,56.8076807595999,107.511223611887,43.1776891310663,68.8107361957954
"g12257",2.81343764580796,20.4496553177753,3.13352649997587,10.4856040200669,3.80899679242206,5.9372617802874,0.998002266366903,23.2548959439566,3.69754135121656,30.7174924605391,4.31776891310663,36.8985107136874
"g3428",6.56468784021858,12.7810345736095,6.26705299995173,23.5926090451506,8.88765918231814,133.588390056467,1.99600453273381,46.5097918879132,8.7396431937846,33.5099917751336,5.7570252174755,22.9369120652651
"g5767",12.1915631318345,857.607419889201,3.13352649997587,600.300830148832,113.000238175188,350.298445036957,3.99200906546761,1458.5987511515,127.060966432715,1301.30468060102,34.542151304853,649.214337151635
"g23003",5.62687529161592,47.2898279223553,0,22.718808710145,1.26966559747402,14.1009967281826,1.99600453273381,56.8453011963384,11.4287641764876,44.6799890335114,1.43925630436888,28.9204543431604
"g41100",1969.40635206557,1012.25793822988,2413.85991381474,1049.4342023417,1741.98119973435,1134.75915775743,1496.00539728399,1299.69029553446,2317.68614696711,1351.56966826372,1568.78937176207,753.926327014802
"g6531",296.348765358439,153.372414883315,356.177512163923,228.935687771461,382.16934483968,172.180591628335,218.562496334352,130.485805018868,250.424391514213,159.172460931884,354.057050874743,179.506268336858
"g19974",452.963460975082,37.0650002634677,1335.92679782304,27.0878103851729,662.765441881438,128.393285998715,373.252847621222,38.7581599065944,38.3199740035171,50.2649876627003,712.431870662593,95.7366764463241
"g11859",65.6468784021858,215.999484294001,64.7595476661679,138.934253265887,95.2249198105515,79.410876311344,63.8721450474818,161.492332944143,65.5473239533845,164.757459561073,86.3553782621325,173.522726058962
"g17024",508.294401342638,837.157764571425,204.723731331757,630.883841874027,468.506605467913,607.827174756923,187.624426076978,808.753603384269,426.225675758418,1146.32096864103,276.337210438824,984.292704713769
"g18334",0.937812548602654,6.39051728680477,2.08901766665058,0.873800335005577,0,50.4667251324429,0,65.8888718412104,1.00842036851361,5.58499862918893,1.43925630436888,513.587378852676
"g9642",463.279399009711,1395.68897543816,684.153285828064,851.081526295432,573.888850058257,537.32219111601,399.200906546761,2166.58113877862,517.319649047481,1802.55830757073,368.449613918432,1119.91966301273
"g1379",135.982819547385,236.449139611777,103.406374499204,207.090679396322,142.20254691709,336.93960603131,140.718319557733,260.971610037735,149.91849478569,217.814946538368,172.710756524265,195.462381077912
"g22644",11291.263085176,7722.30108937489,14488.3820270551,9298.98316512935,10567.4267677763,6507.23891119499,10750.4804133043,5851.19020723219,12056.6739259487,8705.61661324824,14026.9919423791,8672.14727476286
"g30386",1029.71817836571,111.195000790403,2433.70558164792,42.8162164152733,1072.86742986555,218.936528148098,656.685491269422,127.901927691761,70.5894257959525,74.0012318367533,1443.57407328198,191.473352892648
"g6792",192.251572463544,125.254138821374,323.79773833084,169.517264991082,303.450077796291,173.664907073406,222.554505399819,107.230909074911,261.180875445024,135.436216757831,218.766958264069,154.574842178961
"g7085",33.7612517496955,113.751207705125,43.8693709996621,91.7490351755856,40.6292991191686,78.6687185888081,37.9240861219423,55.5533625327852,47.3957573201396,72.604982179456,57.570252174755,90.7503912147447
"g7620",179.122196783107,694.010177346998,180.700028165275,239.421291791528,184.101511633733,372.563176713034,178.642405679676,3135.53513644348,244.373869303131,1033.22474639995,194.299601089798,1527.79779495592
"g14145",0,6.39051728680477,1.04450883332529,221.071484756411,13.9663215722142,1827.19231288345,0.998002266366903,14.2113252990846,14.1178851591905,79.5862304659422,7.19628152184438,587.384400280051
"g9745",17.8184384234504,62.6270694106868,29.2462473331081,56.7970217753625,36.8203023267466,43.7873056296196,19.9600453273381,117.566418383336,33.6140122837869,80.9824801232394,12.9533067393199,60.8326798252684
"g18790",36.5746893955035,131.644656108178,61.626021166192,124.079647570792,63.483279873701,73.4736145310566,49.9001133183451,94.3115224393796,63.8666233391951,110.303722926481,50.3739706529106,94.7394194000082
"g12963",50.6418776245433,122.697931906652,37.6023179997104,90.0014345055745,52.0562894964348,61.5990909704818,37.9240861219423,260.971610037735,70.5894257959525,173.134957504857,38.8599202179596,131.637930113696
"g7018",44.0771897843247,21.7277587751362,78.3381624993967,20.9712080401339,31.7416399368505,31.1706243465089,66.8661518465825,27.130711934616,57.8161011281135,8.37749794378339,73.4020715228126,21.9396550189493
"g12996",60.0200031105699,106.082586960959,44.9138798329874,60.2922231153848,55.8652862888569,282.762092286187,60.8781382483811,236.424775430226,48.0680375658153,128.454968471345,64.7665336965994,139.615986484223
"g9578",401.383770801936,339.975519658014,414.67000683014,245.537894136567,438.034631128537,339.908236921454,485.029101454315,254.51191671997,536.815776172077,286.231179745932,582.898803269395,360.009793720031
"g4857",614.267219334738,1455.75983793413,574.479858328909,996.132381906358,662.765441881438,634.544852768216,494.011121851617,1931.44830201195,563.034705753431,1785.80331168316,462.001273702409,809.772721608491
"g10481",10.3159380346292,60.0708624959649,6.26705299995173,7.8642030150502,10.1573247797922,8.9058926704311,6.98601586456832,139.52937566374,3.69754135121656,74.0012318367533,2.87851260873775,36.8985107136874
"g10859",202.567510498173,433.277072045364,176.521992831974,246.411694471573,218.382482765531,356.235706817244,227.544516731654,567.161073299831,265.214556919079,477.517382795653,189.981832176692,320.119511867396
"g8621",61.8956282077752,153.372414883315,84.6052154993484,139.808053600892,101.573247797922,329.518028805951,51.896117851079,312.649156579861,32.9417320381112,148.002463673507,50.3739706529106,89.7531341684288
"g3245",153.801257970835,306.744829766629,119.074006999083,270.878103851729,156.168868489304,207.062004587523,85.8281949075537,254.51191671997,188.574608912045,371.402408841064,86.3553782621325,218.399293143177
"g8723",55.3309403675566,24.2839656898581,50.1364239996139,39.321015075251,53.3259550939088,23.7490471211496,50.8981155847121,24.5468346075098,53.1101394083833,36.302491089728,61.8880210878616,23.934169111581
"g8183",421.077834322592,1775.28570227437,635.061370661776,1291.47689513824,667.844104271334,1027.88844571226,462.075049327876,511.607710767045,368.745714753143,989.941007023737,564.188471312599,1404.13792121275
"g26345",176.308759137299,135.478966480261,235.01448749819,110.098842210703,212.034154778161,92.7697153169906,202.594460072481,107.230909074911,278.324021709756,104.718724297292,192.860344785429,179.506268336858
"g17686",15.0050007776425,14.0591380309705,17.7566501665299,28.8354110551841,13.9663215722142,119.487393328284,11.9760271964028,857.847272599288,10.7564839308118,29.3212428032419,8.63553782621325,277.237458875814
"g32616",3899.42457708984,2439.89950010206,4979.17360846165,2477.22394974081,3425.5577819849,2286.58794313319,3232.5293407624,2634.26293498486,5507.99205282132,2846.95305122905,3208.10230243822,1816.00508134121
"g683",130.355944255769,199.384139348309,68.9375829994691,168.643464656076,144.741878112038,296.86308901437,127.744290094964,316.524972570521,117.649042993254,245.739939684313,93.5516597839769,162.552898549488
"g1495",549.558153481155,1031.42949009029,536.877540329198,877.2955363456,702.125075403133,1187.45235605748,608.781382483811,1778.99953971268,821.526460215752,1320.85217580318,578.581034356288,810.769978654807
"g14890",413.57533393377,265.845519131079,350.954967997297,224.566686096433,251.393788299856,128.393285998715,356.286809092984,180.87141289744,344.879766031654,191.286203049721,426.019866093187,224.382835421072
"g1494",1553.9553930346,1256.37569858582,2478.61946148091,998.753782911375,1416.94680678101,1347.0162664027,2298.39921944298,1032.25899217896,1564.05999156461,1146.32096864103,2413.6328224266,1208.67554013484
"g3208",421.077834322592,593.040004215483,387.512777163682,508.551794973246,406.292991191686,851.997065471242,430.138976804135,753.200240851483,517.991929293156,713.483574878885,421.702097180081,573.422801631629
"g33911",236.328762247869,219.833794666084,326.931264830815,193.983674371238,267.899441067018,187.765903801589,267.46460738633,183.455290224547,349.249587628546,156.37996161729,362.692588700957,226.377349513704
"g30014",40.3259395899141,132.922759565539,35.5133003330598,71.6516274704573,67.292276666123,78.6687185888081,56.8861291829135,236.424775430226,44.0343560917609,163.361209903776,56.1309958703861,96.7339334926399
"g8508",204.443135595379,323.360174712322,177.566501665299,296.218313566891,227.27014194785,224.131632205849,175.648398880575,394.041292383709,213.112837879209,376.987407470252,164.075218698052,275.242944783182
"g1516",682.727535382732,1188.63621534569,807.405328160448,1027.58919396656,806.237654396002,910.62752555158,561.875275964566,1171.7883678427,709.591799310742,1167.26471350049,469.197555224253,901.520369869552
"g25777",36.5746893955035,28.118276061941,44.9138798329874,19.2236073701227,46.9776271065387,20.7804162310059,34.9300793228416,14.2113252990846,35.2947128979763,9.77374760108062,37.4206639135908,13.9615986484223
"g6227",89.0921921172521,148.260001053871,100.272847999228,149.419857285954,116.80923496761,207.804162310059,100.798228903057,198.958554187184,127.397106555552,157.776211274587,119.458273262617,162.552898549488
"g14166",1752.77165333836,1366.29259591886,2600.82699497997,993.510980901341,2035.27395275085,1323.26721928155,1958.08044661186,864.306965917054,1405.73799370797,1271.98343779778,1731.42533415576,1170.77977237484
"g16627",437.958460197439,830.767247284621,316.486176497563,455.249974537906,401.21432880179,436.388740851124,304.390691241905,994.792770935922,369.08185487598,907.5622772432,332.46820630921,596.359713696894
"g2861",110.661880735113,293.96379519302,114.895971665782,342.529731322186,289.483756224077,371.821018990498,116.766265164928,304.897524598542,152.607615768393,342.081166037822,208.692164133487,344.053680978977
"g8154",3.75125019441062,1.27810345736095,1.04450883332529,7.8642030150502,2.53933119494804,21.5225739535418,2.99400679910071,5.16775465421258,2.01684073702722,178.719956134046,1.43925630436888,31.912225482108
"g3980",125.666881512756,582.815176556595,48.0474063329633,312.820519931997,241.236463520064,217.452212703026,145.708330889568,1060.68164277713,175.12900399853,593.406104351323,204.37439522038,360.009793720031
"g9315",4.68906274301327,185.325001317338,36.5578091663851,39.321015075251,11.4269903772662,105.386396600101,2.99400679910071,134.361621009527,40.3368147405443,110.303722926481,14.3925630436888,743.953756551643
"g18140",0,33.2306898913848,0,15.7284060301004,0,8.9058926704311,0,47.8017305514664,6.72280245675738,40.4912400616197,0,22.9369120652651
"g6910",341.363767691366,497.182244913411,408.402953830188,747.973086764774,294.562418613973,719.892990859847,288.422654980035,294.562015290117,338.829243820572,812.617300546989,250.430596960184,724.008615625326
"g3685",187.562509720531,295.241898650381,179.65551933195,287.480310216835,265.36010987207,449.747579856771,199.600453273381,410.8364950099,261.8531556907,364.421160554577,208.692164133487,306.157913218974
"g3989",1.87562509720531,168.709656371646,3.13352649997587,90.87523484058,30.4719743393765,66.0520373056973,0,391.457415056603,24.5382289671645,185.701204420532,15.8318193480576,126.651644882116
"g23282",1281.05194139123,2658.45519131079,1712.99448665347,2334.7944951349,2014.95930319127,2472.8695314897,1272.4528896178,1967.62258459144,1757.34056219638,3359.37667545714,1660.90177524168,2525.0548412718
"g6591",2942.85577751513,71318.1729207413,146.23123666554,24222.6190866896,6943.80115258541,24786.5836172548,61.876140514748,115999.296784446,7111.38043875796,85034.396628716,231.720265003389,54844.1512621416
"g10866",38.4503144927088,15.3372414883315,47.002897499638,26.2140100501673,26.6629775469544,16.3274698957904,49.9001133183451,18.087141289744,61.1775023564922,18.151245544864,73.4020715228126,28.9204543431604
"g4674",4175.14146637902,9820.94696636158,4962.46146712845,7904.39783046045,5324.97751580604,4469.27380511134,3739.51449207679,6909.28797268222,4584.95127550854,8158.28674758772,4680.46150180758,7979.05362757332
"g4107",23371.2265237267,18045.5427144793,33162.1109492446,11646.0108649543,24241.7252525715,13590.3922150779,23126.7065185202,13799.1968654111,15245.2991311887,9787.71009765359,21275.0866911807,13997.4999020896
"g3013",11217.1758938363,17122.7520182647,11269.2058027465,20051.096287373,12915.0384575057,13790.03264244,8614.75556327911,16451.5469416857,10308.4091470689,16285.8560027149,8598.11716229966,12305.1546944916
"g16866",640.525970695613,3219.54260909224,1095.68976615823,2271.8808710145,1860.06010029944,2907.77395689575,1007.98228903057,1220.88203705772,833.963644760753,2294.03818693935,1302.52695545383,3889.30248063192
"g7743",11554.7884113333,5201.88107145909,20351.2101085099,7013.12148875476,4738.39200977304,2310.33699025433,16246.4788941868,4914.53467615616,12062.0521679141,4518.26389101384,16869.5231435076,7399.6472836638
"g3603",69.3981285965964,161.04103562748,74.1601271660955,128.44864924582,135.85421892972,193.703165581876,80.8381835757191,240.300591420885,98.1529158686578,216.418696881071,59.0095084791239,119.670845557905
"g4859",189.438134817736,311.857243596073,205.768240165082,246.411694471573,243.775794715012,346.587656424277,176.646401146942,447.010777589388,234.961945863671,375.591157812955,220.206214568438,288.207286385288
"g5065",141.609694839001,258.176898386913,147.275745498866,138.934253265887,137.123884527194,224.131632205849,133.732303693165,242.884468747991,123.699565204336,228.984943796746,152.561168263101,215.407522004229
"g7641",1.87562509720531,21.7277587751362,6.26705299995173,4.36900167502789,5.07866238989608,58.6304600803381,4.99001133183451,38.7581599065944,8.40350307094673,27.9249931459446,4.31776891310663,20.9423979726334
"g523",1492.05976482682,1136.23397359389,2330.29920714872,1297.59349748328,1799.11615162069,1431.6222467718,2047.90065058488,1067.1413360949,1547.25298542271,860.089788895095,2026.47287655138,1360.25861117485
"g8656",103.159380346292,56.236552123882,120.118515832408,65.5350251254183,82.5282638358113,55.6618291901944,106.786242501259,50.3856078785727,90.0855529205489,60.038735263781,64.7665336965994,54.8491375473732
"g13589",773.69535259719,53515.4698631605,27.1572296664575,17488.2399048016,3657.90658632265,10619.5348517666,22.9540521264388,40233.553860372,1839.02261204598,32733.6769656763,82.0376093490259,7922.20997593332
"g10510",247.582512831101,1721.60535706521,297.685017497707,747.973086764774,854.484947100015,1535.52432792683,491.017115052516,824.256867346907,407.737969002335,1524.70462576858,797.347992620357,1777.11205653489
"g25613",17.8184384234504,47.2898279223553,7.31156183327702,30.5830117251952,15.2359871696882,31.9127820690448,22.9540521264388,76.2243811496356,23.193668475813,62.8312345783754,18.7103319567954,39.890281852635
"g31919",41.2637521385168,120.14172499193,48.0474063329633,74.2730284754741,52.0562894964348,118.003077883212,67.8641541129494,149.864884972165,79.3290689897371,122.869969842156,69.084302609706,102.717475770535
"g11905",129.418131707166,74.1300005269354,219.346854998311,55.0494211053514,144.741878112038,137.299178669146,181.636412478776,64.5969331776572,200.33951321137,78.189980808645,152.561168263101,102.717475770535
"g7219",13.1293756804372,757.915350215046,6.26705299995173,457.871375542923,118.078900565084,259.013045165038,3.99200906546761,1184.70775447823,101.514317097036,1146.32096864103,1.43925630436888,341.06190984003
"g12288",0,19.1715518604143,0,8.73800335005577,1.26966559747402,5.19510405775148,0,74.9324424860824,3.36140122837869,23.7362441740529,0,3.9890281852635
"g11508",9.37812548602654,43.4555175502725,7.31156183327702,46.3114177552956,17.7753183646363,14.8431544507185,8.98202039730213,55.5533625327852,12.773324667839,50.2649876627003,5.7570252174755,14.9588556947381
"g1838",296.348765358439,428.16465821592,288.28443799778,333.791727972131,297.101749808921,480.176046480744,298.402677643704,775.163198131887,291.097346377595,512.423624228084,267.701672612611,408.875388989509
"g9189",33.7612517496955,104.804483503598,20.8901766665058,58.5446224453737,5.07866238989608,15.5853121732544,14.9700339955035,187.331106215206,33.6140122837869,149.398713330804,11.514050434951,71.8025073347431
"g4247",62.8334407563778,99.6920696741545,57.4479858328909,94.3704361806024,86.3372606282333,152.884490842401,62.8741427811149,94.3115224393796,64.5389035848709,117.284971212967,79.1590967402881,118.673588511589
"g9363",491.413775467791,1155.4055254543,371.845144663803,501.561392293201,457.079615090647,535.837875670938,467.065060659711,775.163198131887,448.410923865718,1077.90473543346,473.51532413736,890.550542360077
"g859",153.801257970835,313.135347053434,85.6497243326737,221.071484756411,251.393788299856,264.950306945325,120.758274230395,490.936692150195,204.037054562587,449.592389649709,177.028525437372,493.642237926359
"g9192",384.503144927088,246.673967270664,636.105879495101,187.867072026199,438.034631128537,231.553209431209,491.017115052516,276.474874000373,428.914796741121,392.346153700522,368.449613918432,263.275860227391
"g29392",1551.14195538879,964.968110307521,1991.87834515133,515.542197653291,2425.06129117538,1259.44165514346,1416.16521597464,561.993318645618,2219.53323109845,769.333561170775,1210.41455197422,1162.80171600431
"g6255",37.5125019441062,42.1774140929115,30.2907561664334,44.5638170852844,26.6629775469544,187.023746079053,24.9500566591726,231.257020776013,28.9080505640568,53.0574869772948,35.9814076092219,85.7641059831653
"g11083",6.56468784021858,11.5029311162486,4.17803533330116,5.24280201003346,1.26966559747402,167.727645293119,9.98002266366903,142.113252990846,4.70596171973017,12.5662469156751,2.87851260873775,8.97531341684288
"g1649",184.749072074723,136.757069937622,218.302346164985,172.138665996099,242.506129117538,140.26780955929,219.560498600719,118.858357046889,170.4230422788,135.436216757831,197.178113698536,110.695532141062
"g8463",5830.3806146627,3133.90967744906,18154.6080320268,4033.46234638575,7948.10664018736,3070.30649813112,16673.6238641918,2614.88385503157,11879.5280812131,1521.91212645398,17049.4301815537,7712.78599620698
"g6579",135.982819547385,74.1300005269354,193.234134165178,69.0302264654406,166.326193269097,92.7697153169906,178.642405679676,120.150295710442,120.674304098795,76.7937311513477,159.757449784945,118.673588511589
"g2333",117.226568575332,213.443277379279,105.495392165854,156.410259965998,109.191241382766,149.173702229721,142.714324090467,277.766812663926,144.876392943122,297.40117700431,96.4301723927147,202.443180402123
"g8418",59.0821905619672,39.6212071781896,166.076904498721,47.1852180903012,128.236225344876,75.7000876986644,98.8022243703234,31.0065279252755,148.910074417176,47.4724883481059,80.598353044657,53.8518805010573
"g4480",82.5275042770336,115.029311162486,67.8930741661438,90.0014345055745,63.483279873701,152.884490842401,54.8901246501797,134.361621009527,85.7157313236566,106.11497395459,54.6917395660173,108.70101804843
"g8779",147.236570130617,85.632931643184,130.563604165661,59.4184227803793,121.887897357506,45.2716210746914,122.754278763129,73.6405038225293,79.665209112575,48.8687380054031,220.206214568438,80.7778207515859
"g16054",963.133487414926,741.300005269354,2240.47144748274,602.048430818843,848.136619112645,394.085750666576,1634.72771230899,444.426900262282,1376.82994314391,287.62742940323,1699.76169545964,1079.03212411378
"g4911",657.40659657046,996.920696741545,686.242303494715,1028.46299430156,929.395217350982,1507.32233447046,774.449758700717,1465.05844446927,834.972065129267,1142.13221966914,964.301723927147,1155.8209166801
"g23023",45.0150023329274,20.4496553177753,47.002897499638,32.3306123952064,62.213614276227,32.6549397915807,58.8821337156473,32.2984665888286,47.3957573201396,15.3587462302695,100.747941305821,27.9231972968445
"g13430",574.879092293427,934.293627330858,419.892550996766,899.140544720739,714.821731377873,933.634414950194,477.04508332338,697.646878318698,728.079506066825,1315.26717717399,523.889294790271,909.498426240079
"g9425",0.937812548602654,2.55620691472191,1.04450883332529,9.61180368506135,2.53933119494804,575.172234965342,0.998002266366903,2.58387732710629,2.68912098270295,6.98124828648616,8.63553782621325,106.706503955799
"g2286",36.5746893955035,95.8577593020716,49.0919151662886,46.3114177552956,33.0113055343245,78.6687185888081,65.8681495802156,273.890996673267,54.1185597768969,234.569942425935,46.056201739804,136.624215345275
"g8104",0,65.1832763254087,1.04450883332529,18.3498070351171,16.5056527671623,32.6549397915807,0.998002266366903,95.6034611029327,13.7817450363526,57.2462359491865,0,47.868338223162
"g24100",0,3.83431037208286,17.7566501665299,20.0974077051283,26.6629775469544,3554.19333322455,1.99600453273381,592.999846570894,24.8743690900023,33.5099917751336,5.7570252174755,157.566613317908
"g13144",0.937812548602654,5.11241382944382,3.13352649997587,0,0,39.334359294404,0,51.6775465421258,1.00842036851361,15.3587462302695,4.31776891310663,37.8957677600033
"g4176",138.796257193193,182.768794402617,125.341059999035,187.867072026199,134.584553332246,511.346670827252,157.684358085971,330.736297869605,120.338163975957,240.154941055124,109.383479132035,185.489810614753
"g21313",0.937812548602654,5.11241382944382,0,0.873800335005577,0,1.48431544507185,0.998002266366903,15.5032639626377,0,4.18874897189169,1.43925630436888,102.717475770535
"g26785",1204.15131240581,752.802936385602,1605.41007682097,358.258137352287,2082.25157985739,1029.37276115733,1181.63468337841,449.594654916494,1800.36649791963,580.839857435648,1090.95627871161,1020.19395838114
"g18558",39.3881270413115,23.0058622324972,50.1364239996139,21.8450083751394,38.0899679242206,22.2647316760778,34.9300793228416,16.7952026261909,37.3115536350035,18.151245544864,59.0095084791239,28.9204543431604
"g5839",0.937812548602654,0,2.08901766665058,166.02206365106,0,1331.43095422945,0,0,3.02526110554082,94.9449766962117,0,48.8655952694779
"g64178",1.87562509720531,20.4496553177753,1.04450883332529,18.3498070351171,8.88765918231814,8.16373494789518,0.998002266366903,36.1742825794881,5.71438208824378,16.7549958875668,1.43925630436888,10.9698275094746
"g10527",63.7712533049805,120.14172499193,77.2936536660714,101.360838860647,74.9102702509672,116.51876243814,71.856163178417,174.411719579675,75.6315276385206,96.341226353509,70.5235589140749,95.7366764463241
"g20954",43.1393772357221,24.2839656898581,72.0711094994449,41.9424160802677,63.483279873701,22.2647316760778,63.8721450474818,37.4662212430412,58.1522412509514,33.5099917751336,48.9347143485418,30.9149684357922
"g5814",182.873446977518,460.117244649944,223.524890331612,421.171761472688,347.888373707881,534.353560225866,240.518546194424,271.30711934616,276.979461218404,508.234875256192,289.290517178144,430.815044008458
"g14020",365.746893955035,282.460864076771,607.904140995318,305.830117251952,486.28192383255,313.932716632696,337.324766032013,251.928039392863,467.234770744638,282.042430774041,355.496307179112,269.259402505286
"g61973",374.187206892459,300.354312479824,555.678699329054,337.286929312153,438.034631128537,258.270887442502,308.382700307373,231.257020776013,538.160336663429,251.324938313502,369.888870222801,250.311518625285
"g6914",492.351588016393,374.48431300676,666.396635661534,352.141535007248,565.001190875939,369.594545822891,546.905241969063,307.481401925649,422.528134407202,256.909936942691,500.861193920369,446.771156749512
"g17805",159.428133262451,53.6803452091601,116.984989332432,48.0590184253068,87.6069262257074,60.8569332479459,166.666378483273,83.9760131309544,150.590775031365,85.1712290951311,73.4020715228126,56.8436516400049
"g1142",216.634698727213,306.744829766629,130.563604165661,284.858909211818,201.876829998369,240.45910210164,137.724312758633,317.816911234074,207.062315668127,388.15740472863,123.776042175723,219.396550189493
"g7635",126.604694061358,204.496553177753,121.163024665734,258.644899161651,194.258836413525,237.490471211496,56.8861291829135,240.300591420885,131.430788029607,363.02491089728,181.346294350478,465.719040629514
"g1816",181.935634428915,396.212071781896,182.789045831926,304.956316916946,189.180174023629,287.215038621403,254.49057792356,519.359342748364,312.610314239218,526.386120801056,286.412004569406,486.661438602147
"g415",11306.2680859536,6957.99522187304,18049.112639861,10097.6366713245,19095.7705860093,14693.2385907662,13549.8767704634,7065.61255097215,18738.131147597,6459.05091465699,17530.1417872129,9423.08183063871
"g16980",1.87562509720531,15.3372414883315,2.08901766665058,11.3594043550725,5.07866238989608,5.19510405775148,0,21.9629572804035,5.37824196540591,16.7549958875668,2.87851260873775,20.9423979726334
"g9641",678.038472639719,507.407072572299,731.156183327702,414.181358792644,761.799358484412,579.625181300558,533.931212506293,353.991193813562,624.884488355599,383.968655756739,587.216572182501,363.998821905295
"g14210",15.0050007776425,43.4555175502725,16.7121413332046,38.4472147402454,21.5843151570583,28.2019934563652,8.98202039730213,27.130711934616,15.1263055277041,32.1137421178363,20.1495882611643,27.9231972968445
"g12493",1077.54661834445,879.335178664337,1402.77536315586,589.815226128765,1350.92419571236,817.857810234589,1493.01139048489,493.520569477301,846.064689182917,526.386120801056,1185.94719479995,955.372250370609
"g39579",16.8806258748478,5.11241382944382,20.8901766665058,7.8642030150502,11.4269903772662,5.19510405775148,10.9780249300359,1.29193866355315,13.7817450363526,4.18874897189169,18.7103319567954,3.9890281852635
"g15320",8.44031293742389,12.7810345736095,10.4450883332529,20.0974077051283,7.61799358484412,16.3274698957904,8.98202039730213,21.9629572804035,8.06736294810886,46.0762386908086,10.0747941305821,35.9012536673715
"g9605",119.102193672537,180.212587487895,136.830657165613,155.536459630993,144.741878112038,1877.65903801589,132.734301426798,4920.99436947393,194.288991000288,219.211196195665,148.243399349994,732.983929042169
"g11987",0,10.2248276588876,9.4005794999276,12.2332046900781,5.07866238989608,362.172968597531,3.99200906546761,167.952026261909,11.0926240536497,46.0762386908086,5.7570252174755,13.9615986484223
"g3537",57.2065654647619,97.1358627594326,56.4034769995656,86.5062331655522,58.4046174838049,82.3795072014877,44.9101019865106,89.143767785167,61.1775023564922,90.75622772432,59.0095084791239,67.8134791494796
"g14616",11336.2780875089,8371.57764571425,18928.5890775209,8128.96451655689,11482.855663555,6101.27863696784,11353.2737821899,6674.15513591555,15946.4874274285,10336.4362129714,13138.9708025835,10695.5818217378
"g24156",1524.88320402792,880.613282121698,1826.84594948593,1135.94043550725,1152.85636250641,856.450011806458,1264.46887148687,771.287382141228,1101.86732266254,721.861072822669,1090.95627871161,669.159478077953
"g5191",1013.77536503947,848.660695687674,993.32790049235,485.832986263101,1201.10365521042,702.823363241521,779.439770032551,416.004249664113,1468.59619667865,594.802354008621,1155.72281240821,796.808380006385
"g958",79.7140666312256,125.254138821374,82.5161978326978,141.555654270904,100.303582200448,164.016856680439,92.814210772122,104.647031747805,97.8167757458199,180.116205791343,115.14050434951,145.599528762118
"g4222",37.5125019441062,49.8460348370772,36.5578091663851,78.642030150502,45.7079615090647,70.5049836409129,27.9440634582733,52.9694852056789,45.7150567059502,69.8124828648616,34.542151304853,112.690046233694
"g4729",180.06000933171,250.508277642747,143.097710165565,206.216879061316,234.888135532694,270.145411003077,172.654392081474,350.115377822902,144.204112697446,251.324938313502,177.028525437372,288.207286385288
"g6357",89.0921921172521,484.401210339802,155.631816165468,360.005738022298,262.820778677122,310.964085742553,177.644403413309,241.592530084438,99.8336164828471,255.513687285393,200.056626307274,371.976878275822
"g13004",14.0671882290398,20.4496553177753,14.623123666554,36.6996140702342,15.2359871696882,814.14702162191,1.99600453273381,42.6339758972538,18.8238468789207,37.6987407470252,24.4673571742709,181.500782429489
"g8120",237.266574796471,417.939830557032,210.990784331708,241.168892461539,222.191479557953,420.061270955334,222.554505399819,751.90830218793,315.299435221921,449.592389649709,211.570676742225,371.976878275822
"g30814",153.801257970835,88.1891385579059,126.38556883236,78.642030150502,92.6855886156034,68.2785104733051,97.8042221039565,80.100197140295,136.809029995013,80.9824801232394,107.944222827666,74.7942784736907
"g51172",22.5075011664637,17.8934484030534,37.6023179997104,13.1070050250837,38.0899679242206,17.8117853408622,35.9280815892085,9.04357064487201,19.8322672474343,8.37749794378339,43.1776891310663,13.9615986484223
"g17637",15702.7333138028,50345.7732889054,9285.68352826182,11319.2095396622,17197.6205177856,19746.5905235134,7825.33577058289,37796.9575409108,17894.419439274,42570.2558013353,13992.4497910742,72540.4775490168
"g15285",572.065654647619,1473.65328633718,601.637087995366,648.359848574138,605.630489995107,585.562443080845,437.124992668703,1652.38955068447,604.716080985327,1813.7283048291,289.290517178144,798.802894099016
"g2598",732.431600458673,485.679313797163,896.188578993098,430.78356515775,775.765680056626,647.161534051327,723.551643116005,359.158948467774,536.479636049239,279.249931459446,659.179387400945,330.092082330555
"g12825",29.0721890066823,15.3372414883315,28.2017384997828,12.2332046900781,31.7416399368505,16.3274698957904,28.9420657246402,19.3790799532972,31.2610314239218,13.9624965729723,33.1028950004841,18.9478838800016
"g11970",6.56468784021858,21.7277587751362,9.4005794999276,9.61180368506135,6.3483279873701,42.3029901845477,19.9600453273381,173.119780916121,6.38666233391951,20.9437448594585,7.19628152184438,35.9012536673715
"g24232",60.0200031105699,40.8993106355505,72.0711094994449,54.1756207703458,72.3709390560191,34.8814129591885,61.876140514748,41.3420372337006,71.5978461644661,36.302491089728,53.2524832616484,36.8985107136874
"g2732",332.923454753942,453.726727363139,260.082699497997,358.258137352287,288.214090626602,779.265608662721,331.336752433812,480.60118284177,321.349957433003,615.746098868079,342.543000439792,393.916533294771
"g16058",0.937812548602654,1.27810345736095,5.22254416662644,5.24280201003346,5.07866238989608,128.393285998715,6.98601586456832,905.649003150755,16.1347258962177,33.5099917751336,23.028100869902,368.985107136874
"g1286",1125.37505832318,1490.26863128287,723.844621494425,1231.18467202286,798.619660811158,932.150099505122,856.285944542803,1785.45923303045,1027.9164956382,1713.1983295037,782.955429576668,1255.54662131169
"g5791",1231.34787631528,2944.75036575964,222.480381498287,3370.24789211651,223.461145155427,334.713132863702,128.74229236133,1174.37224516981,158.321997856636,2986.57801695878,31.6636386961153,9845.91881827664
"g1776",88.1543795686495,141.869483767066,48.0474063329633,68.156426130435,54.5956206913828,107.612869767709,55.8881269165466,356.575071140668,70.5894257959525,138.228716072426,59.0095084791239,127.648901928432
"g9345",435.145022551631,56.236552123882,257.993681831346,124.079647570792,115.539569370136,80.8951917564158,203.592462338848,36.1742825794881,82.3543300952779,40.4912400616197,401.552508918916,134.629701252643
"g12341",108.786255637908,182.768794402617,135.786148332288,338.160729647158,241.236463520064,254.560098829822,82.8341881084529,218.337634140481,141.851131837581,269.476183858366,107.944222827666,277.237458875814
"g29802",0,12.7810345736095,1.04450883332529,3.49520134002231,2.53933119494804,28.2019934563652,7.98401813093522,62.013055850551,3.36140122837869,19.5474952021612,7.19628152184438,18.9478838800016
"g5611",56.2687529161592,30.6744829766629,75.2046359994208,30.5830117251952,105.382244590344,31.9127820690448,75.8481722438846,45.2178532243601,100.169756605685,61.4349849210782,112.261991740772,65.8189650568478
"g18224",62.8334407563778,25.5620691472191,77.2936536660714,15.7284060301004,71.1012734585451,52.6931983000507,61.876140514748,11.6274479719783,35.2947128979763,16.7549958875668,63.3272773922305,20.9423979726334
"g13481",109.724068186511,80.5205178137401,169.210430998697,71.6516274704573,96.4945854080255,54.1775137451225,92.814210772122,50.3856078785727,129.41394729258,57.2462359491865,66.2057900009683,39.890281852635
"g21821",26.2587513608743,57.514655581243,25.0682119998069,29.7092113901896,33.0113055343245,50.4667251324429,24.9500566591726,151.156823635718,16.4708660190556,26.5287434886474,17.2710756524265,131.637930113696
"g1567",874.979107846276,1556.73001106564,869.03134932664,1417.30414337905,920.507558168664,1087.26106351513,835.327896949098,1931.44830201195,1263.88686187039,2127.88447772098,651.983105879101,1067.06503955799
"g19520",15.0050007776425,5.11241382944382,19.8456678331805,6.11660234503904,19.0449839621103,6.67941950282333,18.9620430609712,0,10.4203438079739,2.79249931459446,11.514050434951,6.98079932421113
"g15368",7.50250038882123,26.84017260458,16.7121413332046,27.9616107201785,5.07866238989608,23.0068893986137,10.9780249300359,41.3420372337006,14.7901654048662,37.6987407470252,12.9533067393199,15.956112741054
"g36370",1.87562509720531,1.27810345736095,78.3381624993967,0,2.53933119494804,0,3.99200906546761,0,18.1515666332449,2.79249931459446,4.31776891310663,0.997257046315876
"g4885",18.7562509720531,15.3372414883315,41.7803533330116,19.2236073701227,49.5169583014868,16.3274698957904,22.9540521264388,10.3355093084252,25.8827894585159,11.1699972583779,50.3739706529106,10.9698275094746
"g13424",69.3981285965964,139.313276852344,65.8040564994932,130.196249915831,118.078900565084,212.257108645275,89.8202039730213,195.082738196525,111.93466090501,149.398713330804,89.2338908708703,112.690046233694
"g47554",530.801902509102,402.602589068701,697.731900661293,446.51197118785,540.877544523932,406.702431949687,453.093028930574,359.158948467774,807.7447151794,370.006159183766,462.001273702409,299.177113894763
"g2976",101.283755249087,39.6212071781896,106.539900999179,70.7778271354518,67.292276666123,57.1461446352662,94.8102153048558,71.056626495423,93.7830942717655,36.302491089728,96.4301723927147,62.8271939179002
"g57773",34.6990642982982,12.7810345736095,24.0237031664816,11.3594043550725,19.0449839621103,8.16373494789518,19.9600453273381,14.2113252990846,19.1599870017585,9.77374760108062,31.6636386961153,9.97257046315876
"g5617",2.81343764580796,11.5029311162486,1.04450883332529,14.8546056950948,8.88765918231814,123.9403396635,2.99400679910071,19.3790799532972,8.40350307094673,15.3587462302695,14.3925630436888,42.8820529915827
"g10288",10.3159380346292,20.4496553177753,5.22254416662644,18.3498070351171,6.3483279873701,11.1323658380389,2.99400679910071,37.4662212430412,12.1010444221633,25.1324938313502,2.87851260873775,23.934169111581
"g13797",227.888449310445,526.578624432713,195.323151831829,211.45968107135,217.112817168057,250.849310217143,190.618432876078,550.36587067364,230.592124266778,684.162332075643,123.776042175723,279.231972968445
"g147",4840.9883758869,8909.65920126322,4242.79488096732,7376.62242811708,4291.46971946219,4838.1261932117,3166.66119118218,5572.13145590471,5279.08062916874,10061.3750304839,3101.59733591493,5437.04541651415
"g10431",9.37812548602654,12.7810345736095,3.13352649997587,18.3498070351171,6.3483279873701,66.0520373056973,7.98401813093522,346.239561832243,11.4287641764876,13.9624965729723,10.0747941305821,16.9533697873699
"g7546",1786.53290508806,1637.25052887938,3319.44907230777,1483.71296883947,1842.2847819348,1286.15933315476,1907.18233102715,997.376648263028,1714.98690671881,1309.6821785448,2154.56668764021,1376.21472391591
"g8108",0.937812548602654,2.55620691472191,6.26705299995173,11.3594043550725,1.26966559747402,43.0451479070837,2.99400679910071,0,3.69754135121656,85.1712290951311,1.43925630436888,35.9012536673715
"g1283",116.288756026729,164.875345999563,106.539900999179,159.905461306021,126.966559747402,179.602168853694,168.662383016007,310.065279252755,147.901654048662,220.607445852963,96.4301723927147,262.278603181075
"g1883",8.44031293742389,44.7336210076334,7.31156183327702,38.4472147402454,41.8989647166426,254.560098829822,27.9440634582733,77.5163198131887,33.2778721609491,100.529975325401,17.2710756524265,36.8985107136874
"g6989",80.6518791798282,120.14172499193,92.9612861659507,182.624270016166,79.9889326408632,109.097185212781,72.8541654447839,102.063154420698,95.7999350087927,198.267451336207,73.4020715228126,116.679074418957
"g14611",140.671882290398,472.898279223553,175.477483998649,311.946719596991,213.303820375635,417.09264006519,288.422654980035,352.699255150009,307.56821239665,523.593621486462,331.028950004841,917.476482610606
"g10024",16.8806258748478,25.5620691472191,12.5341059999035,25.3402097151617,12.6966559747402,42.3029901845477,25.9480589255395,49.0936692150195,12.773324667839,43.2837393762142,8.63553782621325,21.9396550189493
"g20826",360.120018663419,568.756038525625,192.189625331853,491.94958860814,346.618708110407,349.556287314421,137.724312758633,416.004249664113,274.962620481377,755.371064597802,246.112828047078,381.94944873898
"g13809",1.87562509720531,1.27810345736095,0,13.9808053600892,5.07866238989608,118.745235605748,5.98801359820142,5.16775465421258,1.34456049135148,19.5474952021612,1.43925630436888,10.9698275094746
"g12478",22.5075011664637,6.39051728680477,32.379773833084,9.61180368506135,10.1573247797922,5.9372617802874,10.9780249300359,5.16775465421258,21.8491079844615,5.58499862918893,12.9533067393199,4.98628523157938
"g22952",12.1915631318345,6.39051728680477,3.13352649997587,6.99040268004462,3.80899679242206,19.2961007859341,3.99200906546761,293.270076626564,6.38666233391951,27.9249931459446,11.514050434951,77.7860496126383
"g11046",63.7712533049805,6.39051728680477,49.0919151662886,45.43761742029,31.7416399368505,22.2647316760778,80.8381835757191,18.087141289744,95.127654763117,15.3587462302695,79.1590967402881,36.8985107136874
"g32237",120.04000622114,256.898794929552,101.317356832553,196.605075376255,144.741878112038,158.821752622688,80.8381835757191,169.243964925462,157.649717610961,287.62742940323,151.121911958732,204.437694494755
"g7432",7232.41037482367,5981.52418044927,8343.53656060241,5156.29577686791,7652.27455597592,4881.91349884132,4898.19512332876,3160.08197105099,7653.57445689544,3936.0277839209,7560.4133668497,5297.42943002993
"g13241",45.95281488153,35.7868968061067,150.409271998842,24.4664093801562,76.1799358484412,50.4667251324429,89.8202039730213,47.8017305514664,63.1943430935194,41.8874897189169,96.4301723927147,47.868338223162
"g6868",237.266574796471,291.407588278298,186.967081165227,345.151132327203,267.899441067018,563.297711404767,291.416661779136,410.8364950099,269.584378515971,323.929920492958,213.009933046594,348.042709164241
"g4655",188.500322269133,419.217934014393,173.388466331998,333.791727972131,299.641081003869,455.684841637058,246.506559792625,297.145892617223,209.079156405155,342.081166037822,331.028950004841,411.867160128457
"g8320",701.483786354785,567.477935068264,897.233087826423,426.414563482722,592.933834020367,538.064348838546,1507.98142448039,648.553209103679,803.711033705345,618.538598182674,1550.07903980528,534.529776825309
"g14586",0.937812548602654,2.55620691472191,1.04450883332529,0.873800335005577,3.80899679242206,6.67941950282333,0.998002266366903,63.3049945141041,0.336140122837869,8.37749794378339,2.87851260873775,25.9286832042128
"g3744",2575.23325846289,14.0591380309705,3.13352649997587,13.9808053600892,339.000714525563,17.0696276183263,0,0,4.70596171973017,1.39624965729723,931.198828926662,15.956112741054
"g9279",14.0671882290398,31.9525864340239,16.7121413332046,37.5734144052398,13.9663215722142,44.5294633521555,8.98202039730213,512.899649430599,31.5971715467597,60.038735263781,37.4206639135908,124.657130789484
"g16189",61.8956282077752,120.14172499193,62.6705299995173,114.467843885731,74.9102702509672,119.487393328284,79.8401813093522,71.056626495423,76.976088129872,103.322474639995,83.4768656533948,137.621472391591
"g14127",8.44031293742389,2.55620691472191,63.7150388328426,0.873800335005577,38.0899679242206,1.48431544507185,52.8941201174459,2.58387732710629,49.7487381800046,2.79249931459446,34.542151304853,27.9231972968445
"g9307",6.56468784021858,14.0591380309705,13.5786148332288,17.4760067001115,5.07866238989608,457.911314804666,7.98401813093522,15.5032639626377,96.8083553773063,161.964960246479,47.4954580441729,4512.58813457934
"g36501",0.937812548602654,7.66862074416573,6.26705299995173,0.873800335005577,1.26966559747402,2.9686308901437,0,78.8082584767418,0,37.6987407470252,0,18.9478838800016
"g33912",54.3931278189539,39.6212071781896,68.9375829994691,37.5734144052398,50.7866238989608,46.7559365197633,64.8701473138487,29.7145892617223,81.0097696039265,32.1137421178363,61.8880210878616,47.868338223162
"g7515",1869.99822191369,3126.2410567049,1633.61181532075,2358.38710418005,1787.68916124342,1777.46774547354,1316.36498933794,2833.22148917205,1818.85420467571,3585.56911993929,1126.93768632083,1867.86244774964
"g2873",31.8856266524902,53.6803452091601,22.9791943331564,44.5638170852844,36.8203023267466,59.372617802874,33.9320770564747,209.294063495609,33.9501524066248,60.038735263781,21.5888445655331,54.8491375473732
"g21900",112.537505832318,97.1358627594326,115.940480499107,70.7778271354518,161.2475308792,89.8010844268469,124.750283295863,58.1372398598915,172.103742892989,85.1712290951311,125.215298480092,112.690046233694
"g4692",164.117196005464,283.738967534132,151.453780832167,216.702483081383,298.371415406395,362.915126320067,152.694346754136,326.860481878946,216.474239107588,316.948672206472,166.95373130679,358.015279627399
"g7255",1030.65599091432,2222.6219123507,1159.40480499107,1536.1409889398,1201.10365521042,1032.34139204747,932.134116786687,1767.3720917407,1354.64469503661,1784.40706202586,1007.47941305821,1748.19160219173
"g9805",67.5225034993911,136.757069937622,55.3589681662403,100.487038525641,74.9102702509672,59.372617802874,35.9280815892085,89.143767785167,62.8582029706815,141.02121538702,43.1776891310663,104.711989863167
"g38702",61.8956282077752,84.354828185823,75.2046359994208,147.672256615943,63.483279873701,155.110964010008,48.9021110519782,52.9694852056789,56.8076807595999,99.1337256681034,24.4673571742709,169.533697873699
"g13236",4.68906274301327,29.396379519302,5.22254416662644,22.718808710145,5.07866238989608,15.5853121732544,5.98801359820142,6.45969331776573,6.72280245675738,6.98124828648616,2.87851260873775,18.9478838800016
"g27320",13.1293756804372,28.118276061941,15.6676324998793,35.8258137352287,16.5056527671623,24.4912048436855,16.9660385282373,20.6710186168503,18.1515666332449,48.8687380054031,11.514050434951,29.9177113894763
"g10032",27.196563909477,46.0117244649944,20.8901766665058,14.8546056950948,17.7753183646363,51.2088828549788,20.958047593705,73.6405038225293,19.8322672474343,44.6799890335114,14.3925630436888,47.868338223162
"g8265",5382.10621643063,4322.54589279475,7485.99480844235,4568.22815140916,6093.12520227782,4177.60582015472,6919.14971272174,3954.62424913618,4225.61748419485,4063.08650273494,10640.4218581991,4782.84479413094
"g4208",82.5275042770336,141.869483767066,81.4716889993725,117.089244890747,123.15756295498,155.853121732544,73.8521677111508,220.921511467588,102.186597342712,128.454968471345,57.570252174755,119.670845557905
"g4961",31.8856266524902,38.3431037208286,27.1572296664575,31.4568120602008,27.9326431444284,69.020668195841,25.9480589255395,870.76665923482,31.9333116695976,60.038735263781,40.2991765223285,220.393807235809
"g2348",1895.31916072596,2971.59053836422,1517.67133482164,1940.71054404739,2012.41997199632,1850.9413600046,1737.52194574478,3855.14497204258,1918.68782115856,3998.85901849927,1440.69556067324,2547.99175333706
"g5537",4554.95554856309,3213.15209180544,4791.1620184631,2443.14573667559,4353.68333373841,4028.432117925,7364.25872352138,4188.4651472393,5279.41676929157,2521.6268810788,8577.9675740385,4359.01054944669
"g10793",3.75125019441062,14.0591380309705,3.13352649997587,5.24280201003346,7.61799358484412,100.19129254235,5.98801359820142,34.8823439159349,7.39508270243312,11.1699972583779,7.19628152184438,13.9615986484223
"g6490",394.819082961717,1357.34587171733,320.664211830864,965.549370181163,662.765441881438,1044.95807333058,686.625559260429,624.006374496169,472.613012710044,1083.48973406265,926.881060013556,1796.05994041489
"g1688",11.2537505832318,26.84017260458,24.0237031664816,30.5830117251952,26.6629775469544,74.2157722535925,28.9420657246402,210.586002159163,34.6224326523005,92.1524773816173,34.542151304853,67.8134791494796
"g5091",44.0771897843247,26.84017260458,56.4034769995656,32.3306123952064,40.6292991191686,26.7176780112933,56.8861291829135,19.3790799532972,53.7824196540591,39.0949904043225,38.8599202179596,31.912225482108
"g4686",30.0100015552849,17.8934484030534,39.691335666361,23.5926090451506,27.9326431444284,17.8117853408622,30.938070257374,11.6274479719783,31.9333116695976,22.3399945167557,44.6169454354351,17.9506268336858
"g7353",7.50250038882123,12.7810345736095,14.623123666554,12.2332046900781,2.53933119494804,387.406331163753,8.98202039730213,18.087141289744,10.0842036851361,23.7362441740529,14.3925630436888,83.7695918905336
"g9199",17.8184384234504,42.1774140929115,34.4687914997345,54.1756207703458,46.9776271065387,90.5432421493829,33.9320770564747,45.2178532243601,31.9333116695976,79.5862304659422,37.4206639135908,69.8079932421113
"g20126",0,0,4.17803533330116,2.62140100501673,1.26966559747402,63.8255641380896,0.998002266366903,12.9193866355315,2.68912098270295,1.39624965729723,0,86.7613630294812
"g24076",12.1915631318345,6.39051728680477,21.9346854998311,3.49520134002231,19.0449839621103,1.48431544507185,23.9520543928057,11.6274479719783,15.1263055277041,5.58499862918893,18.7103319567954,10.9698275094746
"g7038",43.1393772357221,24.2839656898581,64.7595476661679,22.718808710145,43.1686303141167,25.9755202887574,49.9001133183451,41.3420372337006,46.0511968287881,33.5099917751336,47.4954580441729,30.9149684357922
"g19175",32.8234392010929,28.118276061941,54.314459332915,21.8450083751394,55.8652862888569,31.9127820690448,82.8341881084529,46.5097918879132,57.1438208824378,33.5099917751336,70.5235589140749,28.9204543431604
"g19498",10.3159380346292,33.2306898913848,13.5786148332288,12.2332046900781,25.3933119494804,34.8814129591885,9.98002266366903,73.6405038225293,13.4456049135148,32.1137421178363,5.7570252174755,34.9039966210557
