"","log2FC","qvalue"
"NODE_3_length_25793_cov_29.395319_g1_i0",1.61621261966534,8.26446280991736e-05
"NODE_4_length_24654_cov_49.807594_g1_i1",1.06096508655313,0.0341496598639456
"NODE_61_length_16401_cov_82.262949_g28_i0",0.641191235660218,8.26446280991736e-05
"NODE_126_length_14646_cov_1696.627010_g52_i0",-0.432932321035103,0.0482820512820513
"NODE_130_length_14561_cov_224.735480_g32_i3",0.808620708774135,8.26446280991736e-05
"NODE_249_length_12969_cov_400.657110_g80_i1",-0.503638283417311,0.0175757575757576
"NODE_288_length_12483_cov_7.816926_g123_i0",2.5581832729965,8.26446280991736e-05
"NODE_395_length_11515_cov_17.642086_g179_i0",2.00925214204113,0.0341496598639456
"NODE_471_length_10998_cov_9602.032820_g164_i3",-0.556980540472844,8.26446280991736e-05
"NODE_524_length_10689_cov_684.252158_g237_i0",0.198288651003719,0.028412017167382
"NODE_659_length_10208_cov_39.189410_g295_i0",0.622798011746715,0.0138235294117647
"NODE_698_length_10093_cov_5848.736586_g0_i130",-0.884859368221711,0.0223699421965318
"NODE_731_length_9968_cov_36.998793_g329_i0",1.05100190247574,8.26446280991736e-05
"NODE_783_length_9763_cov_58.055989_g352_i0",0.697203415418775,0.0165562913907285
"NODE_785_length_9757_cov_125.964638_g353_i0",-0.341400452053157,0.023695652173913
"NODE_1049_length_9064_cov_8.695628_g482_i0",2.53791279219956,8.26446280991736e-05
"NODE_1099_length_8967_cov_126.889349_g508_i0",1.06906825968362,0.0301176470588235
"NODE_1110_length_8953_cov_91.901053_g514_i0",0.41462688520802,0.0358860759493671
"NODE_1208_length_8767_cov_15.286564_g123_i1",2.86024903329327,0.0340287769784173
"NODE_1213_length_8764_cov_190.060904_g523_i1",-0.515878879202098,0.0463707571801567
"NODE_1224_length_8746_cov_314.579328_g562_i0",1.42681538459867,8.26446280991736e-05
"NODE_1255_length_8701_cov_244.928967_g575_i0",0.380120530197312,8.26446280991736e-05
"NODE_1446_length_8420_cov_699.910380_g652_i0",-0.33184319181716,0.0351986754966887
"NODE_1508_length_8315_cov_340.801231_g682_i0",-0.437311559555892,0.043048433048433
"NODE_1509_length_8314_cov_15.302112_g683_i0",0.961051345647848,0.0264220183486239
"NODE_1728_length_8002_cov_696.548100_g768_i0",0.654066979261009,0.0358860759493671
"NODE_1747_length_7975_cov_57.703373_g658_i1",1.51056090554936,8.26446280991736e-05
"NODE_1847_length_7830_cov_146.965645_g813_i0",0.25695291180417,0.0463707571801567
"NODE_1874_length_7804_cov_16.676656_g123_i2",2.41261394056395,8.26446280991736e-05
"NODE_1879_length_7801_cov_56.375965_g829_i0",1.15759430582439,8.26446280991736e-05
"NODE_1942_length_7729_cov_407.049610_g60_i2",-0.585201098756631,0.0138235294117647
"NODE_1991_length_7679_cov_90.284183_g869_i0",2.94090518374512,8.26446280991736e-05
"NODE_2007_length_7663_cov_146.738014_g508_i2",2.04043396657848,0.0248803827751196
"NODE_2226_length_7426_cov_214.596188_g960_i0",0.58308372960679,0.023695652173913
"NODE_2255_length_7403_cov_447.475183_g643_i2",0.785231101459121,0.0238888888888889
"NODE_2458_length_7220_cov_1115.268808_g827_i1",-0.40404807881745,0.0341496598639456
"NODE_2511_length_7175_cov_55.087042_g1058_i0",0.409366766389875,0.0325
"NODE_2556_length_7136_cov_22.112565_g1077_i0",2.41575011125982,8.26446280991736e-05
"NODE_2568_length_7129_cov_667.162958_g1082_i0",0.52491529572923,0.0365256797583082
"NODE_2587_length_7110_cov_1074.989126_g1091_i0",-0.521023239353067,0.0407225433526012
"NODE_2761_length_6952_cov_347.476239_g1150_i0",0.347101489969154,0.0290983606557377
"NODE_2774_length_6944_cov_356.882285_g1156_i0",1.51680167319975,8.26446280991736e-05
"NODE_2818_length_6908_cov_158.111499_g724_i1",0.32200569567371,0.0391394658753709
"NODE_2857_length_6871_cov_1104.753435_g1091_i1",-0.788977274594233,0.0270175438596491
"NODE_2898_length_6842_cov_159.260238_g637_i3",0.564538270593248,0.028412017167382
"NODE_3015_length_6732_cov_64.422348_g1253_i0",2.24593857559859,8.26446280991736e-05
"NODE_3078_length_6686_cov_103.704972_g869_i1",1.01468187490358,8.26446280991736e-05
"NODE_3099_length_6671_cov_58.723577_g752_i2",0.671474609389346,0.0407225433526012
"NODE_3115_length_6662_cov_1120.445047_g1154_i2",-0.507455593982723,8.26446280991736e-05
"NODE_3289_length_6537_cov_111.487861_g1153_i1",0.662798431800879,0.0238888888888889
"NODE_3321_length_6515_cov_278.361394_g1371_i0",0.223511595765578,0.0391394658753709
"NODE_3340_length_6507_cov_24.387620_g1379_i0",0.744406661674343,0.0238888888888889
"NODE_3348_length_6503_cov_8.077078_g1382_i0",0.929743152620407,0.0238888888888889
"NODE_3434_length_6442_cov_189.106502_g37_i8",1.90603773786031,0.0175757575757576
"NODE_3593_length_6364_cov_107.899763_g1212_i1",0.283101495698386,0.0463707571801567
"NODE_3696_length_6312_cov_245.431323_g1494_i0",-0.753764133239515,0.0175757575757576
"NODE_3844_length_6220_cov_230.724762_g1541_i0",-0.299988597947336,0.0463707571801567
"NODE_3846_length_6219_cov_168.340226_g479_i1",-0.431093911737054,0.0238888888888889
"NODE_3988_length_6144_cov_741.272608_g1455_i2",-0.529456634071095,8.26446280991736e-05
"NODE_4062_length_6098_cov_34189.172351_g906_i3",-0.991167328547744,0.0325
"NODE_4067_length_6097_cov_724.221819_g366_i4",-0.266402206724914,0.0463707571801567
"NODE_4121_length_6069_cov_2765.900331_g1047_i3",-0.598056831582772,0.0445403899721449
"NODE_4277_length_5983_cov_5131.661404_g595_i6",-0.281916605145243,0.0165562913907285
"NODE_4327_length_5950_cov_13.637899_g1707_i0",2.7753236065174,8.26446280991736e-05
"NODE_4449_length_5877_cov_605.002394_g1754_i0",0.318887898981396,0.0264220183486239
"NODE_4612_length_5801_cov_258.702356_g1807_i0",-0.312120689483388,0.0238888888888889
"NODE_4652_length_5781_cov_45.198713_g1818_i0",1.03481902713035,8.26446280991736e-05
"NODE_4784_length_5715_cov_84.554520_g1871_i0",-0.657927483164614,8.26446280991736e-05
"NODE_4815_length_5694_cov_433.932745_g1881_i0",0.355628187793437,0.0248803827751196
"NODE_4816_length_5693_cov_1197.272952_g1882_i0",0.55775258581627,0.0463707571801567
"NODE_4965_length_5624_cov_672.475246_g1868_i1",1.75391937064695,0.0407225433526012
"NODE_5133_length_5551_cov_10.646867_g179_i4",2.91105928582455,8.26446280991736e-05
"NODE_5230_length_5510_cov_191.509031_g2034_i0",-0.404236610167883,0.0358860759493671
"NODE_5265_length_5494_cov_14709.130650_g164_i5",-0.788100820414363,0.0165562913907285
"NODE_5285_length_5482_cov_2340.189254_g2051_i0",0.456074763175288,0.0290983606557377
"NODE_5396_length_5436_cov_1679.149806_g1337_i2",0.281332814374075,0.0351986754966887
"NODE_5480_length_5405_cov_2086.777902_g415_i2",-0.835989769679458,0.0455163043478261
"NODE_5506_length_5394_cov_252.813793_g170_i26",1.67240351158247,0.049375
"NODE_5673_length_5328_cov_99.610681_g2176_i0",2.74359526413033,0.0223699421965318
"NODE_5675_length_5327_cov_977.716497_g1423_i1",-0.85515461988542,8.26446280991736e-05
"NODE_5799_length_5282_cov_127.535313_g2226_i0",4.98035468661775,0.0175757575757576
"NODE_5926_length_5235_cov_149.329620_g1630_i1",-0.399334917347463,0.0482820512820513
"NODE_6096_length_5160_cov_19402.940752_g1076_i3",-0.535517142610386,0.049375
"NODE_6790_length_4921_cov_418.747343_g2551_i0",0.443979016546496,8.26446280991736e-05
"NODE_6972_length_4868_cov_72.943170_g1533_i3",1.87598092014666,8.26446280991736e-05
"NODE_7022_length_4850_cov_15.519809_g2622_i0",1.56326612155761,8.26446280991736e-05
"NODE_7399_length_4721_cov_11.881287_g2748_i0",1.24300015755871,0.0325
"NODE_7425_length_4712_cov_77.653854_g2759_i0",1.12789294352165,8.26446280991736e-05
"NODE_7495_length_4690_cov_3122.461918_g170_i52",-1.09453139084618,0.0341496598639456
"NODE_7614_length_4646_cov_1105.513320_g1672_i3",0.795525970863783,0.0165562913907285
"NODE_7726_length_4613_cov_45.081152_g2861_i0",0.982313575269472,0.0365256797583082
"NODE_7765_length_4598_cov_207.726636_g1313_i2",0.893105046408555,0.0407225433526012
"NODE_7780_length_4594_cov_438.449069_g2694_i1",-0.435448495443004,0.0445403899721449
"NODE_7787_length_4592_cov_7.662941_g2873_i0",1.25729406566094,0.028412017167382
"NODE_7821_length_4583_cov_182.882521_g1435_i2",1.46518496801522,8.26446280991736e-05
"NODE_7905_length_4556_cov_35.977689_g2764_i1",0.749178313322803,0.0341496598639456
"NODE_7906_length_4556_cov_14.532140_g2926_i0",2.2259209447732,8.26446280991736e-05
"NODE_7961_length_4538_cov_587.305389_g643_i4",0.490774731479028,0.0200584795321637
"NODE_8002_length_4529_cov_58.470000_g2023_i1",2.94619457504435,8.26446280991736e-05
"NODE_8004_length_4526_cov_32.563487_g2968_i0",0.500513583474371,0.0270175438596491
"NODE_8221_length_4463_cov_101.442941_g3043_i0",1.01516133165242,0.0138235294117647
"NODE_8239_length_4458_cov_37.291488_g3050_i0",0.538306819110844,0.0358860759493671
"NODE_8680_length_4339_cov_103.302552_g3208_i0",0.621577756348184,0.0341496598639456
"NODE_8725_length_4327_cov_99.728711_g3224_i0",2.4469053082456,8.26446280991736e-05
"NODE_8791_length_4311_cov_33.675152_g3245_i0",0.993725757279653,0.0238888888888889
"NODE_8838_length_4298_cov_78.353713_g2745_i1",1.23385106261071,0.0455163043478261
"NODE_9357_length_4164_cov_3.774123_g3428_i0",1.92769818985839,0.0463707571801567
"NODE_9409_length_4150_cov_215.942004_g523_i5",-1.37977230356935,0.0365256797583082
"NODE_9551_length_4117_cov_407.663405_g2757_i1",-0.285305813739871,8.26446280991736e-05
"NODE_9857_length_4049_cov_387.340050_g2369_i2",0.362675990788233,0.0301176470588235
"NODE_10058_length_4000_cov_319.894485_g2416_i1",-0.453368715411497,0.0290983606557377
"NODE_10097_length_3987_cov_1037.629106_g1523_i1",0.502646198075412,0.0175757575757576
"NODE_10285_length_3942_cov_110.476616_g3740_i0",1.0201178792655,8.26446280991736e-05
"NODE_10365_length_3925_cov_4317.754620_g2617_i1",0.43656530685391,0.0482820512820513
"NODE_10960_length_3797_cov_8.305732_g3958_i0",2.75893688203553,8.26446280991736e-05
"NODE_10989_length_3792_cov_3974.340154_g2742_i2",0.319115861623479,0.0238888888888889
"NODE_11009_length_3790_cov_106.228131_g3978_i0",0.921267021398981,0.0175757575757576
"NODE_11011_length_3789_cov_111.948138_g3980_i0",1.69244640365862,0.0445403899721449
"NODE_11030_length_3784_cov_214.096671_g2658_i1",1.39030331242504,0.0325
"NODE_11052_length_3778_cov_12.024006_g3989_i0",3.14570421419155,8.26446280991736e-05
"NODE_11298_length_3724_cov_101.735859_g4073_i0",-0.284562730703555,0.049375
"NODE_11337_length_3716_cov_454.123678_g718_i5",0.385876633586678,0.0455163043478261
"NODE_11376_length_3709_cov_591.297826_g1941_i1",-0.232202660634813,0.0340287769784173
"NODE_11411_length_3702_cov_432.886741_g4108_i0",0.528991023824547,8.26446280991736e-05
"NODE_11473_length_3691_cov_223.922993_g845_i5",-0.514082053484238,0.0138235294117647
"NODE_11487_length_3686_cov_1972.748701_g4134_i0",-0.429239214394573,0.0341496598639456
"NODE_11525_length_3676_cov_78.729092_g0_i724",1.04047744153358,0.0391394658753709
"NODE_11562_length_3667_cov_755.141561_g3281_i2",-0.279170224192706,0.0270175438596491
"NODE_11650_length_3650_cov_235.219553_g1388_i2",0.597412681664464,0.0264220183486239
"NODE_11753_length_3630_cov_12.188836_g4222_i0",0.817290463879174,0.049375
"NODE_11828_length_3617_cov_10.813545_g3884_i1",2.41819895162465,0.0301176470588235
"NODE_11966_length_3592_cov_4649.101319_g4107_i1",-0.781349077462999,0.0351986754966887
"NODE_12018_length_3585_cov_98.194038_g4305_i0",1.80191311836397,8.26446280991736e-05
"NODE_12337_length_3526_cov_718.513583_g28_i6",-0.344811594734627,0.0463707571801567
"NODE_12450_length_3507_cov_302.465210_g887_i20",-0.464107667126412,0.049375
"NODE_12453_length_3507_cov_41.407131_g4234_i1",1.18086824725256,0.0365256797583082
"NODE_12456_length_3506_cov_298.539833_g1401_i5",-0.648210583775345,0.0445403899721449
"NODE_12491_length_3500_cov_8835.529242_g4459_i0",-0.738741976499323,8.26446280991736e-05
"NODE_12567_length_3485_cov_21.982350_g4480_i0",0.732990381819093,0.023695652173913
"NODE_12576_length_3483_cov_111.241170_g355_i5",-0.867594925774936,0.0290983606557377
"NODE_12651_length_3470_cov_959.222900_g2186_i1",0.337790718848448,0.0165562913907285
"NODE_12663_length_3468_cov_9.190172_g3958_i2",2.37116650373062,0.0165562913907285
"NODE_12695_length_3462_cov_152.004369_g4166_i1",2.16799251945808,8.26446280991736e-05
"NODE_12813_length_3440_cov_163.848432_g3929_i1",0.773110537269109,8.26446280991736e-05
"NODE_13120_length_3390_cov_112.021125_g4669_i0",-0.357476734814709,0.0341496598639456
"NODE_13275_length_3364_cov_1161.212894_g4715_i0",2.20812130399951,8.26446280991736e-05
"NODE_13355_length_3352_cov_2258.000602_g4741_i0",-0.35877980275767,0.0365256797583082
"NODE_13482_length_3331_cov_646.262568_g77_i3",0.368379695219986,0.0358860759493671
"NODE_13574_length_3315_cov_296.796105_g4815_i0",0.767435262714342,0.023695652173913
"NODE_13585_length_3313_cov_33.562424_g3063_i2",-1.46105883488307,0.0165562913907285
"NODE_13605_length_3309_cov_962325.598171_g4827_i0",-0.278752264823272,8.26446280991736e-05
"NODE_13633_length_3304_cov_463.301069_g4097_i1",0.52000841326942,0.049375
"NODE_13696_length_3294_cov_115.886371_g4859_i0",0.660992628925447,0.0341496598639456
"NODE_13776_length_3279_cov_96.707692_g3043_i2",3.62776168683562,8.26446280991736e-05
"NODE_13988_length_3244_cov_175.550544_g4947_i0",2.43577648207231,8.26446280991736e-05
"NODE_14043_length_3237_cov_29.082918_g4967_i0",3.14368390633968,8.26446280991736e-05
"NODE_14044_length_3236_cov_37771.077954_g822_i12",1.46857310727249,0.0407225433526012
"NODE_14050_length_3235_cov_3305.481909_g3013_i2",0.66653456551223,0.0365256797583082
"NODE_14084_length_3228_cov_1716.130666_g4981_i0",2.55173521134576,8.26446280991736e-05
"NODE_14204_length_3208_cov_109.580371_g2345_i2",0.723613571544544,0.0138235294117647
"NODE_14527_length_3160_cov_378.524114_g5137_i0",-0.41561270528694,0.0138235294117647
"NODE_14561_length_3154_cov_3921.665600_g2168_i2",-0.712678462501501,0.0365256797583082
"NODE_14648_length_3140_cov_2227.415622_g106_i60",-0.560098419358304,8.26446280991736e-05
"NODE_14675_length_3136_cov_1129.357580_g5187_i0",0.383593470315767,0.0301176470588235
"NODE_14811_length_3114_cov_759.934198_g4043_i1",-1.40196854163505,0.0365256797583082
"NODE_14879_length_3105_cov_70.645319_g4640_i1",1.4970753026838,0.0341496598639456
"NODE_14903_length_3102_cov_662.425968_g2477_i3",1.08570732210032,0.0325
"NODE_14931_length_3099_cov_19.563192_g5273_i0",2.75756894858396,8.26446280991736e-05
"NODE_15029_length_3085_cov_12.570026_g5301_i0",2.5796966441066,8.26446280991736e-05
"NODE_15065_length_3079_cov_443.588852_g3801_i1",0.218535120211766,0.0175757575757576
"NODE_15193_length_3061_cov_11595.095317_g5151_i1",4.30369649901711,8.26446280991736e-05
"NODE_15309_length_3044_cov_324.369486_g282_i2",0.395247763844329,0.0365256797583082
"NODE_15315_length_3042_cov_169.661799_g5389_i0",2.67048609710493,8.26446280991736e-05
"NODE_15599_length_3001_cov_148.939435_g5480_i0",3.25522803801241,0.0138235294117647
"NODE_15608_length_2999_cov_179.628956_g5483_i0",2.01741448546411,8.26446280991736e-05
"NODE_15627_length_2996_cov_1063.744860_g5488_i0",-0.147315124028419,0.0175757575757576
"NODE_15699_length_2986_cov_1164.236726_g4614_i1",1.45011491457196,8.26446280991736e-05
"NODE_15742_length_2981_cov_555.412263_g5532_i0",-0.239063137139021,8.26446280991736e-05
"NODE_15794_length_2974_cov_1593.288625_g1091_i6",-0.795711157442156,8.26446280991736e-05
"NODE_16395_length_2893_cov_2340.865922_g2340_i4",0.403076407696638,0.0138235294117647
"NODE_16421_length_2889_cov_622.876224_g751_i5",-1.56124245803218,0.0165562913907285
"NODE_16478_length_2880_cov_79.122413_g5767_i0",3.98848427269051,8.26446280991736e-05
"NODE_16618_length_2859_cov_61732.523675_g822_i13",1.67651055666834,0.0301176470588235
"NODE_16625_length_2858_cov_365.918699_g3878_i1",-0.389061973326376,0.0365256797583082
"NODE_16832_length_2831_cov_945.463241_g5898_i0",-0.263116177326037,0.0318532818532819
"NODE_17188_length_2781_cov_305.641715_g5675_i1",0.709106521978229,8.26446280991736e-05
"NODE_17302_length_2765_cov_24.368056_g6037_i0",1.00654331603649,0.0445403899721449
"NODE_17374_length_2754_cov_650.292110_g887_i51",2.407124533882,8.26446280991736e-05
"NODE_17561_length_2731_cov_9716.669134_g61_i2",-0.582877463366161,0.0325
"NODE_17646_length_2719_cov_417.726394_g3210_i5",-0.673874889267298,0.0248803827751196
"NODE_17741_length_2707_cov_1689.073936_g6169_i0",1.85630027168089,8.26446280991736e-05
"NODE_17771_length_2703_cov_551.919970_g6182_i0",0.474198269547012,8.26446280991736e-05
"NODE_17900_length_2691_cov_44.644628_g6227_i0",0.642519803427458,0.0270175438596491
"NODE_17922_length_2688_cov_243.032343_g4647_i1",0.371875585517815,0.0341496598639456
"NODE_17972_length_2683_cov_5812.589676_g6251_i0",-0.411647972727259,0.0165562913907285
"NODE_17994_length_2680_cov_1917.113919_g0_i919",-0.342744278214166,8.26446280991736e-05
"NODE_18161_length_2660_cov_19.025846_g4133_i4",1.557350063243,0.043048433048433
"NODE_18200_length_2654_cov_105.827429_g238_i10",1.46584655968554,0.0463707571801567
"NODE_18310_length_2641_cov_2336.072741_g868_i2",1.27276124149226,8.26446280991736e-05
"NODE_18347_length_2637_cov_487.181365_g4129_i3",-0.417861050960695,0.0264220183486239
"NODE_18550_length_2615_cov_45.234339_g6443_i0",-1.05186991967719,0.0264220183486239
"NODE_18693_length_2597_cov_29.065031_g6498_i0",0.835522402451606,0.023695652173913
"NODE_18723_length_2594_cov_350.701754_g6509_i0",0.791416730505945,8.26446280991736e-05
"NODE_18780_length_2589_cov_101.670703_g6531_i0",-0.852654977617129,0.0270175438596491
"NODE_18790_length_2587_cov_13393.663800_g5151_i2",4.42321283791859,8.26446280991736e-05
"NODE_18971_length_2568_cov_1346.385191_g6589_i0",-0.306960104958134,0.0325
"NODE_18977_length_2567_cov_5376.867218_g6591_i0",3.21041152312246,0.0138235294117647
"NODE_19192_length_2545_cov_101.388712_g6663_i0",2.87175760528534,8.26446280991736e-05
"NODE_19272_length_2537_cov_151.507177_g6689_i0",-0.324389652944557,0.043048433048433
"NODE_19530_length_2506_cov_278.605975_g1516_i3",0.654297520355353,0.0165562913907285
"NODE_19594_length_2500_cov_85.748280_g6792_i0",-0.749040114492403,0.0318532818532819
"NODE_19642_length_2494_cov_1226.960649_g6548_i1",-0.284874521202179,0.0463707571801567
"NODE_19804_length_2476_cov_110.830405_g6868_i0",0.599628545577734,0.0365256797583082
"NODE_19880_length_2466_cov_29728.183422_g6897_i0",-1.0079040040686,8.26446280991736e-05
"NODE_19896_length_2464_cov_4799.601232_g1493_i4",0.514107453668694,8.26446280991736e-05
"NODE_19943_length_2459_cov_159.386420_g6914_i0",-0.608725334357331,0.043048433048433
"NODE_20045_length_2449_cov_343.700000_g6951_i0",-0.41217994502316,8.26446280991736e-05
"NODE_20128_length_2441_cov_132.770315_g1006_i14",0.649453293919956,0.0238888888888889
"NODE_20176_length_2436_cov_2633.921064_g6983_i0",1.40664887065274,0.023695652173913
"NODE_20242_length_2428_cov_425.123802_g1573_i3",-0.460497296618176,0.0341496598639456
"NODE_20367_length_2415_cov_2276.861274_g6660_i1",-0.387304194061422,8.26446280991736e-05
"NODE_20417_length_2411_cov_75.042821_g5367_i2",0.950239116496614,0.0301176470588235
"NODE_20890_length_2358_cov_3348.668098_g7216_i0",1.93297558731421,0.0290983606557377
"NODE_20900_length_2357_cov_497.262027_g7219_i0",3.86030661216145,8.26446280991736e-05
"NODE_20929_length_2354_cov_2500.394409_g1091_i8",-0.875638636482172,8.26446280991736e-05
"NODE_21050_length_2343_cov_41.283492_g6989_i1",0.858819739093772,0.0351986754966887
"NODE_21090_length_2339_cov_7767.400000_g61_i3",-0.909901129295007,0.0463707571801567
"NODE_21171_length_2331_cov_33838.854474_g6897_i1",-1.05798629053869,8.26446280991736e-05
"NODE_21226_length_2326_cov_394.226818_g2348_i3",2.22619078400943,0.0358860759493671
"NODE_21258_length_2322_cov_302.987789_g643_i5",0.671323493372964,0.0358860759493671
"NODE_21456_length_2302_cov_255.298724_g6389_i1",0.570972531826267,0.0445403899721449
"NODE_21462_length_2302_cov_26.005719_g7404_i0",1.24854935797777,0.0238888888888889
"NODE_21534_length_2294_cov_59.663576_g7085_i1",0.984539312754218,0.0264220183486239
"NODE_21563_length_2291_cov_742.700265_g0_i1014",1.67289279434389,0.0248803827751196
"NODE_21578_length_2290_cov_649.083149_g5108_i1",2.06570117204725,8.26446280991736e-05
"NODE_21587_length_2290_cov_135.730208_g32_i8",0.915113805379021,0.0138235294117647
"NODE_21668_length_2281_cov_1424.641208_g1882_i6",1.16257891619016,0.0455163043478261
"NODE_21855_length_2263_cov_51.597583_g7529_i0",5.00311673191325,8.26446280991736e-05
"NODE_21977_length_2251_cov_200.249775_g4640_i3",0.330384977177594,0.0455163043478261
"NODE_22150_length_2235_cov_174.368540_g7620_i0",2.55165170370498,0.0290983606557377
"NODE_22197_length_2230_cov_100.364834_g7635_i0",1.08231634038377,0.0290983606557377
"NODE_22385_length_2211_cov_23.191567_g658_i2",2.4400984644224,8.26446280991736e-05
"NODE_22553_length_2195_cov_748.035549_g7748_i0",-0.498933075800893,0.0365256797583082
"NODE_23045_length_2148_cov_87.411515_g6663_i1",1.56189281985559,0.0290983606557377
"NODE_23168_length_2135_cov_187.225071_g7964_i0",-0.317212837426792,0.0351986754966887
"NODE_23180_length_2133_cov_233.490019_g5823_i2",3.96858100988358,8.26446280991736e-05
"NODE_23234_length_2128_cov_1662.055741_g3623_i10",-0.409847024814097,0.0407225433526012
"NODE_23560_length_2097_cov_7.017408_g8104_i0",1.81875352497466,0.049375
"NODE_23599_length_2093_cov_86.816860_g8125_i0",1.24013740239416,0.0175757575757576
"NODE_23724_length_2080_cov_40.457825_g8173_i0",2.89997013504341,8.26446280991736e-05
"NODE_24060_length_2049_cov_2197.334158_g7171_i1",0.346947867601714,0.0248803827751196
"NODE_24182_length_2040_cov_797.550970_g8343_i0",-0.368596900863306,0.0238888888888889
"NODE_24277_length_2032_cov_27.679481_g1077_i1",2.11908036156302,8.26446280991736e-05
"NODE_24283_length_2031_cov_681.099401_g4567_i1",-0.350453544490293,0.0391394658753709
"NODE_24398_length_2020_cov_124.050226_g8422_i0",4.37367422037693,0.0264220183486239
"NODE_24477_length_2012_cov_4973.459405_g4626_i2",0.30285510071772,0.0165562913907285
"NODE_24499_length_2011_cov_23.231080_g8459_i0",1.85614607119299,8.26446280991736e-05
"NODE_24509_length_2009_cov_6189.495455_g8463_i0",-1.79860707697677,0.0391394658753709
"NODE_24631_length_2000_cov_114.953831_g8508_i0",0.651596232485206,0.0455163043478261
"NODE_24718_length_1992_cov_766.993887_g7368_i1",-0.259096366828889,0.0318532818532819
"NODE_24720_length_1992_cov_557.630667_g8034_i1",0.23600712490577,0.0341496598639456
"NODE_24864_length_1979_cov_752.748205_g845_i12",-0.60938107871277,8.26446280991736e-05
"NODE_24902_length_1977_cov_44.776181_g8621_i0",1.50159992918295,0.0463707571801567
"NODE_24937_length_1974_cov_408.183033_g5495_i1",-0.632783727582002,0.0138235294117647
"NODE_24970_length_1972_cov_37.980957_g8656_i0",-1.04211292426954,0.0482820512820513
"NODE_25059_length_1964_cov_1638.101292_g8398_i1",0.806931306733726,0.0351986754966887
"NODE_25183_length_1953_cov_195.310811_g2231_i1",0.580507838008982,0.028412017167382
"NODE_25308_length_1943_cov_320.124869_g1110_i6",1.5198069646035,8.26446280991736e-05
"NODE_25310_length_1943_cov_225.623824_g8777_i0",3.46470100740663,0.0482820512820513
"NODE_25313_length_1943_cov_58.330721_g8779_i0",-0.998611383974953,0.0358860759493671
"NODE_25683_length_1910_cov_2295.450824_g2200_i3",-0.503552364753491,0.028412017167382
"NODE_25791_length_1901_cov_342.974359_g2658_i2",7.35674700399021,0.0165562913907285
"NODE_25824_length_1899_cov_112.595187_g8960_i0",1.85184029027803,0.0175757575757576
"NODE_25836_length_1898_cov_681.641520_g8966_i0",-0.477559716907162,8.26446280991736e-05
"NODE_25903_length_1892_cov_2149.570585_g7351_i3",-1.17244847010079,0.0463707571801567
"NODE_25962_length_1888_cov_308.790210_g9011_i0",-1.23983329969672,0.0290983606557377
"NODE_26121_length_1876_cov_2121.621548_g3892_i3",1.34090077428444,8.26446280991736e-05
"NODE_26321_length_1860_cov_830.679410_g9145_i0",-0.420032722520401,8.26446280991736e-05
"NODE_26328_length_1859_cov_735.055738_g8464_i1",6.10444339077792,8.26446280991736e-05
"NODE_26465_length_1847_cov_14424.290429_g9196_i0",-1.45978226081761,8.26446280991736e-05
"NODE_26551_length_1840_cov_92.570403_g9224_i0",0.444449146544549,0.0445403899721449
"NODE_26693_length_1829_cov_2373.678333_g7535_i1",0.431670358955828,0.0341496598639456
"NODE_26753_length_1825_cov_1171.559577_g9305_i0",2.83782891693742,0.0165562913907285
"NODE_26778_length_1824_cov_35.584401_g9315_i0",3.19361236977372,0.0340287769784173
"NODE_26926_length_1814_cov_332.407843_g8220_i1",0.457740576006652,0.0248803827751196
"NODE_27167_length_1795_cov_14286.185164_g5151_i3",4.53514602403246,0.0264220183486239
"NODE_27560_length_1766_cov_164.181923_g3742_i6",-0.90684615624236,0.0238888888888889
"NODE_27903_length_1740_cov_434.651081_g562_i2",1.32373713195876,8.26446280991736e-05
"NODE_27971_length_1734_cov_619.830499_g9742_i0",1.39946176795738,0.0301176470588235
"NODE_27976_length_1734_cov_20.874487_g9745_i0",1.25787529303735,0.0341496598639456
"NODE_28099_length_1725_cov_572.649175_g9792_i0",3.51046932400473,8.26446280991736e-05
"NODE_28296_length_1711_cov_171.760999_g9876_i0",0.313287049138165,0.043048433048433
"NODE_28459_length_1698_cov_2508.381067_g8265_i2",-0.521342251434788,0.0325
"NODE_28476_length_1697_cov_1033.912470_g1150_i3",-0.841063556324662,0.0290983606557377
"NODE_28513_length_1695_cov_893.496399_g8920_i1",0.287457034707451,0.0482820512820513
"NODE_28602_length_1689_cov_33.987952_g9996_i0",3.49661555536454,0.0175757575757576
"NODE_28849_length_1672_cov_478.579428_g10089_i0",-0.424307156862852,0.023695652173913
"NODE_28937_length_1667_cov_48.145299_g10119_i0",3.25520054526911,8.26446280991736e-05
"NODE_29252_length_1645_cov_6183.978342_g7216_i2",3.8794680521948,8.26446280991736e-05
"NODE_29511_length_1627_cov_105.448060_g7167_i3",1.05278730471153,0.0340287769784173
"NODE_29532_length_1626_cov_126.211021_g10350_i0",-0.410886954389139,0.0238888888888889
"NODE_29801_length_1608_cov_7811.156428_g10094_i2",0.476956529258807,8.26446280991736e-05
"NODE_29860_length_1604_cov_211.469206_g4647_i3",0.537073160642682,0.0358860759493671
"NODE_29959_length_1598_cov_252.644359_g10526_i0",-0.411301729063502,0.0325
"NODE_29960_length_1598_cov_154.778840_g10527_i0",0.590570105934651,0.0358860759493671
"NODE_30467_length_1564_cov_2759.637785_g6329_i1",0.572315641894567,8.26446280991736e-05
"NODE_30537_length_1559_cov_273.876471_g9578_i1",-0.667507284703655,8.26446280991736e-05
"NODE_30735_length_1547_cov_299.300395_g10859_i0",0.897701384341957,0.0455163043478261
"NODE_30841_length_1540_cov_139.503640_g8064_i1",3.21093720430829,8.26446280991736e-05
"NODE_31031_length_1529_cov_138.688000_g10981_i0",-1.09331785377664,0.0325
"NODE_31147_length_1522_cov_134.012726_g11032_i0",0.776770737989567,8.26446280991736e-05
"NODE_31325_length_1510_cov_13057.392978_g10499_i2",-0.430644721460224,0.0248803827751196
"NODE_31802_length_1481_cov_586.138430_g11307_i0",0.394304474639781,0.0165562913907285
"NODE_31836_length_1479_cov_2399.646207_g815_i5",0.740018686104749,0.023695652173913
"NODE_31877_length_1477_cov_24.328039_g9272_i1",1.86771632356805,0.0248803827751196
"NODE_31958_length_1471_cov_42.065881_g11369_i0",3.18360154733172,8.26446280991736e-05
"NODE_32443_length_1440_cov_8.856839_g8104_i2",2.01751900655113,0.0482820512820513
"NODE_32474_length_1438_cov_112.906317_g3798_i5",-0.761058707291022,0.0270175438596491
"NODE_32773_length_1421_cov_209.521552_g11760_i0",4.19805891133615,0.0200584795321637
"NODE_32908_length_1414_cov_93.360289_g11825_i0",3.62322976749843,8.26446280991736e-05
"NODE_33037_length_1406_cov_218.193174_g10980_i1",-1.03125015976736,0.0138235294117647
"NODE_33107_length_1402_cov_16.431173_g11915_i0",1.02522874885,0.0270175438596491
"NODE_33225_length_1395_cov_175.494876_g6663_i2",3.62850964369567,8.26446280991736e-05
"NODE_33442_length_1382_cov_1700.302291_g12056_i0",2.59205462828755,8.26446280991736e-05
"NODE_33577_length_1375_cov_4472.956166_g0_i1293",0.631003956037102,0.0340287769784173
"NODE_33680_length_1370_cov_2114.441462_g9809_i1",1.70476014962932,8.26446280991736e-05
"NODE_33914_length_1358_cov_6.811136_g12288_i0",2.20604601111633,0.0407225433526012
"NODE_34210_length_1341_cov_866.164634_g12422_i0",-0.462165923779946,0.0270175438596491
"NODE_35365_length_1277_cov_1552.193109_g12963_i0",1.43248415917269,0.049375
"NODE_35551_length_1267_cov_33.411147_g13057_i0",2.75993411095981,8.26446280991736e-05
"NODE_35632_length_1263_cov_80.926256_g13103_i0",1.92875836233346,0.0200584795321637
"NODE_35906_length_1250_cov_20.036036_g13235_i0",2.33045871007894,8.26446280991736e-05
"NODE_35999_length_1245_cov_488.847862_g5511_i1",4.13350918200791,8.26446280991736e-05
"NODE_36505_length_1217_cov_336.775253_g13531_i0",3.07054436495668,0.0138235294117647
"NODE_36525_length_1216_cov_744.262848_g4614_i5",1.45621627817462,0.0248803827751196
"NODE_36619_length_1211_cov_5487.909475_g13589_i0",4.65157046708044,8.26446280991736e-05
"NODE_36923_length_1195_cov_1123.512864_g13731_i0",2.35419580008211,0.0138235294117647
"NODE_36944_length_1194_cov_1301.634335_g13743_i0",5.68503888725971,8.26446280991736e-05
"NODE_37031_length_1190_cov_93.628768_g13788_i0",5.08516364370543,0.0365256797583082
"NODE_37330_length_1176_cov_1398.170009_g7546_i2",-0.632081112224681,0.0200584795321637
"NODE_37335_length_1176_cov_161.169137_g13941_i0",5.5360464456915,0.0445403899721449
"NODE_37428_length_1171_cov_318.464974_g13531_i1",2.22295273380688,0.0175757575757576
"NODE_37733_length_1156_cov_100.976930_g14156_i0",2.02414788430228,0.0358860759493671
"NODE_37807_length_1153_cov_51.315836_g2001_i4",2.80030799914909,0.0325
"NODE_38198_length_1134_cov_1483.733937_g14166_i1",-0.71064596131645,0.0238888888888889
"NODE_38603_length_1117_cov_3170.202206_g5537_i5",-0.756182172070614,0.023695652173913
"NODE_38985_length_1099_cov_2281.716822_g14813_i0",-0.228070500121474,0.0407225433526012
"NODE_39120_length_1093_cov_243.599624_g14890_i0",-0.778035032512219,0.0351986754966887
"NODE_39386_length_1080_cov_3627.980019_g13731_i1",5.09610959653304,8.26446280991736e-05
"NODE_40024_length_1053_cov_1350.750000_g6929_i1",-0.729577746159364,0.0351986754966887
"NODE_40608_length_1027_cov_41.546092_g15701_i0",1.44952803835532,8.26446280991736e-05
"NODE_40789_length_1019_cov_2274.751515_g15809_i0",-0.231290630802891,0.0340287769784173
"NODE_41711_length_982_cov_1586.598111_g8007_i5",-0.71116802150963,0.0290983606557377
"NODE_42030_length_969_cov_11728.861702_g14616_i1",-0.669417950558576,0.0165562913907285
"NODE_42032_length_969_cov_2555.164894_g15134_i2",-0.731512997714128,0.0358860759493671
"NODE_42744_length_941_cov_207.505482_g6663_i5",3.1638738988402,8.26446280991736e-05
"NODE_42844_length_937_cov_424.170705_g17024_i0",1.24388560655443,8.26446280991736e-05
"NODE_44132_length_892_cov_466.174971_g16627_i1",0.939810241546984,0.0301176470588235
"NODE_44562_length_878_cov_8.156655_g18140_i0",2.43165536017063,0.0200584795321637
"NODE_44722_length_872_cov_1104.800712_g18236_i0",0.394679547835767,0.049375
"NODE_45529_length_844_cov_1048.716564_g14253_i1",0.51778131507044,0.0325
"NODE_45560_length_843_cov_79.619165_g18790_i0",0.855296595253005,0.0358860759493671
"NODE_45913_length_831_cov_1059.857855_g19019_i0",6.79143902006772,0.0200584795321637
"NODE_46557_length_810_cov_19810.451985_g6591_i2",4.39915987023403,8.26446280991736e-05
"NODE_46975_length_797_cov_30.863281_g15993_i1",2.32738239466141,0.0175757575757576
"NODE_47233_length_789_cov_438.169737_g7727_i2",-0.769285962260148,0.0248803827751196
"NODE_47477_length_782_cov_2782.565737_g9305_i1",4.39917896230318,8.26446280991736e-05
"NODE_48035_length_765_cov_76.596467_g20498_i0",2.80108814368116,8.26446280991736e-05
"NODE_48201_length_760_cov_4.445964_g20615_i0",1.18782607552491,0.049375
"NODE_49930_length_707_cov_269.783186_g21903_i0",0.588222892704053,0.0358860759493671
"NODE_50424_length_694_cov_19742.296241_g6591_i3",4.1396147501698,8.26446280991736e-05
"NODE_50437_length_694_cov_50.278195_g22293_i0",2.74364789508656,8.26446280991736e-05
"NODE_50876_length_682_cov_15659.709035_g22644_i0",-0.658404309284305,8.26446280991736e-05
"NODE_51333_length_670_cov_1081.503900_g23003_i0",2.05995458346482,0.0270175438596491
"NODE_51364_length_669_cov_3123.967187_g23023_i0",-0.945762155052182,0.0341496598639456
"NODE_51687_length_660_cov_8012.351823_g23282_i0",0.705850679426555,0.0365256797583082
"NODE_52345_length_644_cov_158.373984_g23784_i0",2.62554584569863,8.26446280991736e-05
"NODE_52809_length_632_cov_3766.008292_g24156_i0",-0.662124276359051,0.0407225433526012
"NODE_52890_length_630_cov_107339.354409_g24224_i0",-0.897769420658566,8.26446280991736e-05
"NODE_53927_length_606_cov_2804.265165_g8343_i2",-0.447050217093206,0.0325
"NODE_54544_length_592_cov_3316.321492_g25613_i0",1.22461412716022,0.0270175438596491
"NODE_55415_length_573_cov_702.887868_g26345_i0",-0.754194881644333,0.0463707571801567
"NODE_55925_length_561_cov_2676.725564_g26785_i0",-1.05666917930284,0.0301176470588235
"NODE_57585_length_526_cov_291.629779_g10913_i3",4.63305978795369,0.0138235294117647
"NODE_58907_length_500_cov_11786.634820_g29392_i0",-1.01630260087621,0.0365256797583082
"NODE_58964_length_499_cov_266.800000_g29444_i0",-0.414028244285552,0.0455163043478261
"NODE_59588_length_488_cov_582.675381_g30014_i0",1.30723375501731,0.0318532818532819
"NODE_60741_length_466_cov_91.734554_g31059_i0",1.85626521914891,0.023695652173913
"NODE_61372_length_455_cov_612.751174_g31646_i0",-1.02569103482675,0.0175757575757576
"NODE_61664_length_450_cov_5257.332542_g31919_i0",0.893358603213648,0.0301176470588235
"NODE_62392_length_437_cov_7167.370098_g32616_i0",-0.70174373062247,8.26446280991736e-05
"NODE_63756_length_415_cov_1010.678756_g33911_i0",-0.588130232420929,0.0455163043478261
"NODE_65558_length_386_cov_717.467787_g35662_i0",-0.715146796812439,0.023695652173913
"NODE_67129_length_363_cov_2542.970060_g37213_i0",2.04280382473559,0.0248803827751196
"NODE_70968_length_315_cov_24.283217_g41038_i0",1.94124581042292,0.0264220183486239
"NODE_71030_length_314_cov_7807.414035_g41100_i0",-0.771264884214953,8.26446280991736e-05
"NODE_72476_length_299_cov_900.944444_g42545_i0",0.365751155957871,0.0301176470588235
"NODE_78856_length_236_cov_6456.449275_g48923_i0",-0.691801325376628,8.26446280991736e-05
"NODE_91906_length_149_cov_3885.375000_g61973_i0",-0.627260878552816,0.0463707571801567
"NODE_94111_length_142_cov_1755.380531_g64178_i0",1.32806430302543,0.0391394658753709
